dataset,t,method,mean_reward,compliance,viol_rate,mean_list_risk,p95_risk,B,tau,cand_n,lam_penalty,warmup,oracle_mean_reward,oracle_gap,V_left_end,elig_seen,infeasible
ML-1M,0,mu,0.9795464277267456,0.8,0.2,3.6980602741241455,5.453447341918945,4.059373378753662,0.9,1000,0.22843480110168457,,,,,,
ML-1M,1,mu,0.9864569306373596,0.8245,0.1755,3.6293649673461914,5.508132457733154,4.059373378753662,0.9,1000,0.22843480110168457,,,,,,
ML-1M,2,mu,0.9910963177680969,0.8375,0.1625,3.5930333137512207,5.526809215545654,4.059373378753662,0.9,1000,0.22843480110168457,,,,,,
ML-1M,3,mu,0.9938077926635742,0.845,0.155,3.5725176334381104,5.535187721252441,4.059373378753662,0.9,1000,0.22843480110168457,,,,,,
ML-1M,4,mu,0.9955252408981323,0.844,0.156,3.559752941131592,5.534049034118652,4.059373378753662,0.9,1000,0.22843480110168457,,,,,,
ML-1M,5,mu,0.9965193867683411,0.8475,0.1525,3.5486464500427246,5.546908855438232,4.059373378753662,0.9,1000,0.22843480110168457,,,,,,
ML-1M,6,mu,0.9973421692848206,0.8455,0.1545,3.5387110710144043,5.55176305770874,4.059373378753662,0.9,1000,0.22843480110168457,,,,,,
ML-1M,7,mu,0.9978718161582947,0.848,0.152,3.5313713550567627,5.54780912399292,4.059373378753662,0.9,1000,0.22843480110168457,,,,,,
ML-1M,8,mu,0.9982205033302307,0.85,0.15,3.524470806121826,5.552770137786865,4.059373378753662,0.9,1000,0.22843480110168457,,,,,,
ML-1M,9,mu,0.9985116720199585,0.851,0.149,3.5172224044799805,5.545838356018066,4.059373378753662,0.9,1000,0.22843480110168457,,,,,,
ML-1M,10,mu,0.9986622333526611,0.8515,0.1485,3.510685443878174,5.5472331047058105,4.059373378753662,0.9,1000,0.22843480110168457,,,,,,
ML-1M,11,mu,0.998895525932312,0.8515,0.1485,3.5063042640686035,5.550113201141357,4.059373378753662,0.9,1000,0.22843480110168457,,,,,,
ML-1M,12,mu,0.9989771842956543,0.8525,0.1475,3.5019071102142334,5.5409440994262695,4.059373378753662,0.9,1000,0.22843480110168457,,,,,,
ML-1M,13,mu,0.9990787506103516,0.8525,0.1475,3.498236656188965,5.539443492889404,4.059373378753662,0.9,1000,0.22843480110168457,,,,,,
ML-1M,14,mu,0.9991479516029358,0.852,0.148,3.4944887161254883,5.533111095428467,4.059373378753662,0.9,1000,0.22843480110168457,,,,,,
ML-1M,15,mu,0.9992145299911499,0.852,0.148,3.4916791915893555,5.52780818939209,4.059373378753662,0.9,1000,0.22843480110168457,,,,,,
ML-1M,16,mu,0.9992413520812988,0.852,0.148,3.4887304306030273,5.527705192565918,4.059373378753662,0.9,1000,0.22843480110168457,,,,,,
ML-1M,17,mu,0.9992807507514954,0.852,0.148,3.485881805419922,5.524654388427734,4.059373378753662,0.9,1000,0.22843480110168457,,,,,,
ML-1M,18,mu,0.9993109703063965,0.852,0.148,3.483401298522949,5.524653911590576,4.059373378753662,0.9,1000,0.22843480110168457,,,,,,
ML-1M,19,mu,0.9993635416030884,0.851,0.149,3.482313871383667,5.524783611297607,4.059373378753662,0.9,1000,0.22843480110168457,,,,,,
ML-1M,20,mu,0.9993791580200195,0.851,0.149,3.4804131984710693,5.525250434875488,4.059373378753662,0.9,1000,0.22843480110168457,,,,,,
ML-1M,21,mu,0.9993911981582642,0.851,0.149,3.4787449836730957,5.52115535736084,4.059373378753662,0.9,1000,0.22843480110168457,,,,,,
ML-1M,22,mu,0.9994112253189087,0.851,0.149,3.4769539833068848,5.522021293640137,4.059373378753662,0.9,1000,0.22843480110168457,,,,,,
ML-1M,23,mu,0.99941086769104,0.851,0.149,3.475487232208252,5.518587112426758,4.059373378753662,0.9,1000,0.22843480110168457,,,,,,
ML-1M,24,mu,0.9994245767593384,0.851,0.149,3.4731016159057617,5.522247314453125,4.059373378753662,0.9,1000,0.22843480110168457,,,,,,
ML-1M,25,mu,0.9994376301765442,0.8515,0.1485,3.4717319011688232,5.522468090057373,4.059373378753662,0.9,1000,0.22843480110168457,,,,,,
ML-1M,26,mu,0.9994537234306335,0.8515,0.1485,3.470876455307007,5.522468090057373,4.059373378753662,0.9,1000,0.22843480110168457,,,,,,
ML-1M,27,mu,0.9994516372680664,0.8515,0.1485,3.4707493782043457,5.522468090057373,4.059373378753662,0.9,1000,0.22843480110168457,,,,,,
ML-1M,28,mu,0.9994521141052246,0.852,0.148,3.4693565368652344,5.524546146392822,4.059373378753662,0.9,1000,0.22843480110168457,,,,,,
ML-1M,29,mu,0.9994710683822632,0.851,0.149,3.467752456665039,5.519059181213379,4.059373378753662,0.9,1000,0.22843480110168457,,,,,,
ML-1M,30,mu,0.9994655251502991,0.8505,0.1495,3.466444492340088,5.5178070068359375,4.059373378753662,0.9,1000,0.22843480110168457,,,,,,
ML-1M,31,mu,0.9994832873344421,0.8515,0.1485,3.4650464057922363,5.515895366668701,4.059373378753662,0.9,1000,0.22843480110168457,,,,,,
ML-1M,32,mu,0.9994776844978333,0.8515,0.1485,3.4641480445861816,5.518623352050781,4.059373378753662,0.9,1000,0.22843480110168457,,,,,,
ML-1M,33,mu,0.9994745254516602,0.851,0.149,3.4635090827941895,5.514675140380859,4.059373378753662,0.9,1000,0.22843480110168457,,,,,,
ML-1M,34,mu,0.9994807243347168,0.851,0.149,3.4620423316955566,5.511045455932617,4.059373378753662,0.9,1000,0.22843480110168457,,,,,,
ML-1M,35,mu,0.9994956851005554,0.852,0.148,3.4612627029418945,5.510865211486816,4.059373378753662,0.9,1000,0.22843480110168457,,,,,,
ML-1M,36,mu,0.9994927048683167,0.852,0.148,3.4601376056671143,5.508728504180908,4.059373378753662,0.9,1000,0.22843480110168457,,,,,,
ML-1M,37,mu,0.9994915723800659,0.8515,0.1485,3.4588942527770996,5.505796909332275,4.059373378753662,0.9,1000,0.22843480110168457,,,,,,
ML-1M,38,mu,0.9995059967041016,0.852,0.148,3.457944869995117,5.505796909332275,4.059373378753662,0.9,1000,0.22843480110168457,,,,,,
ML-1M,39,mu,0.9995097517967224,0.8525,0.1475,3.4565625190734863,5.505307674407959,4.059373378753662,0.9,1000,0.22843480110168457,,,,,,
ML-1M,40,mu,0.999504029750824,0.8525,0.1475,3.456242561340332,5.505307674407959,4.059373378753662,0.9,1000,0.22843480110168457,,,,,,
ML-1M,41,mu,0.9995003938674927,0.852,0.148,3.455411672592163,5.505962371826172,4.059373378753662,0.9,1000,0.22843480110168457,,,,,,
ML-1M,42,mu,0.9995043873786926,0.8515,0.1485,3.4545674324035645,5.505307674407959,4.059373378753662,0.9,1000,0.22843480110168457,,,,,,
ML-1M,43,mu,0.9995153546333313,0.8515,0.1485,3.4534356594085693,5.500831127166748,4.059373378753662,0.9,1000,0.22843480110168457,,,,,,
ML-1M,44,mu,0.9995033144950867,0.8515,0.1485,3.453219413757324,5.501684665679932,4.059373378753662,0.9,1000,0.22843480110168457,,,,,,
ML-1M,45,mu,0.9995190501213074,0.8515,0.1485,3.452420949935913,5.5054850578308105,4.059373378753662,0.9,1000,0.22843480110168457,,,,,,
ML-1M,46,mu,0.9995203614234924,0.852,0.148,3.451888084411621,5.5054850578308105,4.059373378753662,0.9,1000,0.22843480110168457,,,,,,
ML-1M,47,mu,0.9995176792144775,0.852,0.148,3.4512457847595215,5.50549840927124,4.059373378753662,0.9,1000,0.22843480110168457,,,,,,
ML-1M,48,mu,0.9995160102844238,0.852,0.148,3.450618267059326,5.503678798675537,4.059373378753662,0.9,1000,0.22843480110168457,,,,,,
ML-1M,49,mu,0.9995215535163879,0.852,0.148,3.4499571323394775,5.49673318862915,4.059373378753662,0.9,1000,0.22843480110168457,,,,,,
ML-1M,0,penalty,0.9790246486663818,0.8835,0.1165,3.4949984550476074,5.059508800506592,4.059373378753662,0.9,1000,0.22843480110168457,,,,,,
ML-1M,1,penalty,0.9867482781410217,0.8925,0.1075,3.4474687576293945,5.273777961730957,4.059373378753662,0.9,1000,0.22843480110168457,,,,,,
ML-1M,2,penalty,0.991348385810852,0.8965,0.1035,3.428558826446533,5.42097806930542,4.059373378753662,0.9,1000,0.22843480110168457,,,,,,
ML-1M,3,penalty,0.9941306710243225,0.898,0.102,3.4131040573120117,5.444823265075684,4.059373378753662,0.9,1000,0.22843480110168457,,,,,,
ML-1M,4,penalty,0.9958956837654114,0.9,0.1,3.401792049407959,5.443484306335449,4.059373378753662,0.9,1000,0.22843480110168457,,,,,,
ML-1M,5,penalty,0.9969721436500549,0.901,0.099,3.3932504653930664,5.458378314971924,4.059373378753662,0.9,1000,0.22843480110168457,,,,,,
ML-1M,6,penalty,0.9976693987846375,0.904,0.096,3.3834481239318848,5.453912258148193,4.059373378753662,0.9,1000,0.22843480110168457,,,,,,
ML-1M,7,penalty,0.9981536865234375,0.905,0.095,3.37652325630188,5.4610724449157715,4.059373378753662,0.9,1000,0.22843480110168457,,,,,,
ML-1M,8,penalty,0.9985183477401733,0.9065,0.0935,3.3700783252716064,5.46307373046875,4.059373378753662,0.9,1000,0.22843480110168457,,,,,,
ML-1M,9,penalty,0.9987106919288635,0.907,0.093,3.366067886352539,5.4644951820373535,4.059373378753662,0.9,1000,0.22843480110168457,,,,,,
ML-1M,10,penalty,0.9989075660705566,0.908,0.092,3.3611106872558594,5.466148376464844,4.059373378753662,0.9,1000,0.22843480110168457,,,,,,
ML-1M,11,penalty,0.9990320801734924,0.908,0.092,3.357778787612915,5.454977035522461,4.059373378753662,0.9,1000,0.22843480110168457,,,,,,
ML-1M,12,penalty,0.999154806137085,0.9085,0.0915,3.353874444961548,5.454892158508301,4.059373378753662,0.9,1000,0.22843480110168457,,,,,,
ML-1M,13,penalty,0.9991992115974426,0.9085,0.0915,3.3498778343200684,5.45599365234375,4.059373378753662,0.9,1000,0.22843480110168457,,,,,,
ML-1M,14,penalty,0.9992639422416687,0.9085,0.0915,3.347102642059326,5.454977989196777,4.059373378753662,0.9,1000,0.22843480110168457,,,,,,
ML-1M,15,penalty,0.9993195533752441,0.9085,0.0915,3.345076084136963,5.454975128173828,4.059373378753662,0.9,1000,0.22843480110168457,,,,,,
ML-1M,16,penalty,0.9993358850479126,0.9085,0.0915,3.343356132507324,5.454915523529053,4.059373378753662,0.9,1000,0.22843480110168457,,,,,,
ML-1M,17,penalty,0.9993939399719238,0.9085,0.0915,3.34097957611084,5.456753253936768,4.059373378753662,0.9,1000,0.22843480110168457,,,,,,
ML-1M,18,penalty,0.9993994235992432,0.909,0.091,3.3383562564849854,5.461221218109131,4.059373378753662,0.9,1000,0.22843480110168457,,,,,,
ML-1M,19,penalty,0.9994243383407593,0.909,0.091,3.336517572402954,5.456676959991455,4.059373378753662,0.9,1000,0.22843480110168457,,,,,,
ML-1M,20,penalty,0.9994345903396606,0.909,0.091,3.3344032764434814,5.454892158508301,4.059373378753662,0.9,1000,0.22843480110168457,,,,,,
ML-1M,21,penalty,0.9994571805000305,0.909,0.091,3.332103967666626,5.454892158508301,4.059373378753662,0.9,1000,0.22843480110168457,,,,,,
ML-1M,22,penalty,0.9994797706604004,0.9095,0.0905,3.3301169872283936,5.454892158508301,4.059373378753662,0.9,1000,0.22843480110168457,,,,,,
ML-1M,23,penalty,0.999483048915863,0.909,0.091,3.3288352489471436,5.454892158508301,4.059373378753662,0.9,1000,0.22843480110168457,,,,,,
ML-1M,24,penalty,0.9994927048683167,0.909,0.091,3.326606512069702,5.454941749572754,4.059373378753662,0.9,1000,0.22843480110168457,,,,,,
ML-1M,25,penalty,0.9995017051696777,0.9095,0.0905,3.324707508087158,5.454894065856934,4.059373378753662,0.9,1000,0.22843480110168457,,,,,,
ML-1M,26,penalty,0.999512791633606,0.91,0.09,3.3236308097839355,5.454893112182617,4.059373378753662,0.9,1000,0.22843480110168457,,,,,,
ML-1M,27,penalty,0.9995150566101074,0.91,0.09,3.321892499923706,5.454892158508301,4.059373378753662,0.9,1000,0.22843480110168457,,,,,,
ML-1M,28,penalty,0.9995099902153015,0.91,0.09,3.3202924728393555,5.454892158508301,4.059373378753662,0.9,1000,0.22843480110168457,,,,,,
ML-1M,29,penalty,0.9995280504226685,0.9105,0.0895,3.3184571266174316,5.45145845413208,4.059373378753662,0.9,1000,0.22843480110168457,,,,,,
ML-1M,30,penalty,0.9995250105857849,0.9105,0.0895,3.3168351650238037,5.454892158508301,4.059373378753662,0.9,1000,0.22843480110168457,,,,,,
ML-1M,31,penalty,0.9995344281196594,0.91,0.09,3.3155710697174072,5.452019691467285,4.059373378753662,0.9,1000,0.22843480110168457,,,,,,
ML-1M,32,penalty,0.9995372295379639,0.9105,0.0895,3.314370632171631,5.4485697746276855,4.059373378753662,0.9,1000,0.22843480110168457,,,,,,
ML-1M,33,penalty,0.9995427131652832,0.9105,0.0895,3.3132641315460205,5.4485697746276855,4.059373378753662,0.9,1000,0.22843480110168457,,,,,,
ML-1M,34,penalty,0.9995361566543579,0.9105,0.0895,3.3124618530273438,5.453015327453613,4.059373378753662,0.9,1000,0.22843480110168457,,,,,,
ML-1M,35,penalty,0.9995429515838623,0.9105,0.0895,3.3114750385284424,5.453015327453613,4.059373378753662,0.9,1000,0.22843480110168457,,,,,,
ML-1M,36,penalty,0.9995503425598145,0.911,0.089,3.3100335597991943,5.452458381652832,4.059373378753662,0.9,1000,0.22843480110168457,,,,,,
ML-1M,37,penalty,0.999554455280304,0.911,0.089,3.3094680309295654,5.453015327453613,4.059373378753662,0.9,1000,0.22843480110168457,,,,,,
ML-1M,38,penalty,0.9995487332344055,0.911,0.089,3.308835029602051,5.452462673187256,4.059373378753662,0.9,1000,0.22843480110168457,,,,,,
ML-1M,39,penalty,0.9995588660240173,0.911,0.089,3.307868719100952,5.452462673187256,4.059373378753662,0.9,1000,0.22843480110168457,,,,,,
ML-1M,40,penalty,0.9995465874671936,0.911,0.089,3.3073856830596924,5.4492974281311035,4.059373378753662,0.9,1000,0.22843480110168457,,,,,,
ML-1M,41,penalty,0.9995535016059875,0.911,0.089,3.3065977096557617,5.448514461517334,4.059373378753662,0.9,1000,0.22843480110168457,,,,,,
ML-1M,42,penalty,0.9995606541633606,0.911,0.089,3.3058388233184814,5.4479498863220215,4.059373378753662,0.9,1000,0.22843480110168457,,,,,,
ML-1M,43,penalty,0.9995543360710144,0.911,0.089,3.30502986907959,5.4390177726745605,4.059373378753662,0.9,1000,0.22843480110168457,,,,,,
ML-1M,44,penalty,0.9995601773262024,0.911,0.089,3.30432391166687,5.43752384185791,4.059373378753662,0.9,1000,0.22843480110168457,,,,,,
ML-1M,45,penalty,0.9995589852333069,0.911,0.089,3.303647756576538,5.437848091125488,4.059373378753662,0.9,1000,0.22843480110168457,,,,,,
ML-1M,46,penalty,0.9995701909065247,0.911,0.089,3.302388906478882,5.433599948883057,4.059373378753662,0.9,1000,0.22843480110168457,,,,,,
ML-1M,47,penalty,0.9995699524879456,0.911,0.089,3.301746368408203,5.425777912139893,4.059373378753662,0.9,1000,0.22843480110168457,,,,,,
ML-1M,48,penalty,0.9995692372322083,0.9105,0.0895,3.3010575771331787,5.4202375411987305,4.059373378753662,0.9,1000,0.22843480110168457,,,,,,
ML-1M,49,penalty,0.9995636343955994,0.9105,0.0895,3.300340175628662,5.4202375411987305,4.059373378753662,0.9,1000,0.22843480110168457,,,,,,
ML-1M,0,hard,0.9761383533477783,0.998,0.002,3.4758291244506836,4.015156269073486,4.059373378753662,0.9,1000,0.22843480110168457,,,,,,4.0
ML-1M,1,hard,0.9844066500663757,0.9995,0.0005,3.3951056003570557,3.9900496006011963,4.059373378753662,0.9,1000,0.22843480110168457,,,,,,1.0
ML-1M,2,hard,0.9895830154418945,0.9995,0.0005,3.347219705581665,3.964944839477539,4.059373378753662,0.9,1000,0.22843480110168457,,,,,,1.0
ML-1M,3,hard,0.992783784866333,1.0,0.0,3.311919927597046,3.9555649757385254,4.059373378753662,0.9,1000,0.22843480110168457,,,,,,0.0
ML-1M,4,hard,0.9950845241546631,1.0,0.0,3.287346839904785,3.9379541873931885,4.059373378753662,0.9,1000,0.22843480110168457,,,,,,0.0
ML-1M,5,hard,0.9962835907936096,1.0,0.0,3.2711899280548096,3.933562755584717,4.059373378753662,0.9,1000,0.22843480110168457,,,,,,0.0
ML-1M,6,hard,0.9972308278083801,1.0,0.0,3.2567222118377686,3.9049458503723145,4.059373378753662,0.9,1000,0.22843480110168457,,,,,,0.0
ML-1M,7,hard,0.9978384375572205,1.0,0.0,3.2432358264923096,3.849797248840332,4.059373378753662,0.9,1000,0.22843480110168457,,,,,,0.0
ML-1M,8,hard,0.9983066320419312,1.0,0.0,3.2306580543518066,3.7642130851745605,4.059373378753662,0.9,1000,0.22843480110168457,,,,,,0.0
ML-1M,9,hard,0.9985514879226685,1.0,0.0,3.218789577484131,3.6995837688446045,4.059373378753662,0.9,1000,0.22843480110168457,,,,,,0.0
ML-1M,10,hard,0.9986382126808167,1.0,0.0,3.210623025894165,3.641529083251953,4.059373378753662,0.9,1000,0.22843480110168457,,,,,,0.0
ML-1M,11,hard,0.9989321231842041,1.0,0.0,3.2036142349243164,3.5860049724578857,4.059373378753662,0.9,1000,0.22843480110168457,,,,,,0.0
ML-1M,12,hard,0.9990749359130859,1.0,0.0,3.1980209350585938,3.5486233234405518,4.059373378753662,0.9,1000,0.22843480110168457,,,,,,0.0
ML-1M,13,hard,0.999184787273407,1.0,0.0,3.191504716873169,3.4879307746887207,4.059373378753662,0.9,1000,0.22843480110168457,,,,,,0.0
ML-1M,14,hard,0.9992592334747314,1.0,0.0,3.185824155807495,3.4329190254211426,4.059373378753662,0.9,1000,0.22843480110168457,,,,,,0.0
ML-1M,15,hard,0.9993318915367126,1.0,0.0,3.180990219116211,3.4089255332946777,4.059373378753662,0.9,1000,0.22843480110168457,,,,,,0.0
ML-1M,16,hard,0.9993613958358765,1.0,0.0,3.176342725753784,3.3979146480560303,4.059373378753662,0.9,1000,0.22843480110168457,,,,,,0.0
ML-1M,17,hard,0.999409556388855,1.0,0.0,3.1716480255126953,3.3806040287017822,4.059373378753662,0.9,1000,0.22843480110168457,,,,,,0.0
ML-1M,18,hard,0.9994603395462036,1.0,0.0,3.169177532196045,3.378356695175171,4.059373378753662,0.9,1000,0.22843480110168457,,,,,,0.0
ML-1M,19,hard,0.9994680285453796,1.0,0.0,3.165940999984741,3.3615245819091797,4.059373378753662,0.9,1000,0.22843480110168457,,,,,,0.0
ML-1M,20,hard,0.9994660019874573,1.0,0.0,3.1636006832122803,3.3519957065582275,4.059373378753662,0.9,1000,0.22843480110168457,,,,,,0.0
ML-1M,21,hard,0.999476969242096,1.0,0.0,3.1597936153411865,3.33107328414917,4.059373378753662,0.9,1000,0.22843480110168457,,,,,,0.0
ML-1M,22,hard,0.9995121359825134,1.0,0.0,3.15788197517395,3.330808401107788,4.059373378753662,0.9,1000,0.22843480110168457,,,,,,0.0
ML-1M,23,hard,0.9995275735855103,1.0,0.0,3.155653715133667,3.330808401107788,4.059373378753662,0.9,1000,0.22843480110168457,,,,,,0.0
ML-1M,24,hard,0.9995304346084595,1.0,0.0,3.153871536254883,3.330808401107788,4.059373378753662,0.9,1000,0.22843480110168457,,,,,,0.0
ML-1M,25,hard,0.9995482563972473,1.0,0.0,3.1504907608032227,3.319871664047241,4.059373378753662,0.9,1000,0.22843480110168457,,,,,,0.0
ML-1M,26,hard,0.9995465278625488,1.0,0.0,3.1486332416534424,3.3197624683380127,4.059373378753662,0.9,1000,0.22843480110168457,,,,,,0.0
ML-1M,27,hard,0.9995645880699158,1.0,0.0,3.1467034816741943,3.3197624683380127,4.059373378753662,0.9,1000,0.22843480110168457,,,,,,0.0
ML-1M,28,hard,0.9995664358139038,1.0,0.0,3.1448891162872314,3.3197624683380127,4.059373378753662,0.9,1000,0.22843480110168457,,,,,,0.0
ML-1M,29,hard,0.9995665550231934,1.0,0.0,3.1425201892852783,3.3197624683380127,4.059373378753662,0.9,1000,0.22843480110168457,,,,,,0.0
ML-1M,30,hard,0.9995750188827515,1.0,0.0,3.1408636569976807,3.3197624683380127,4.059373378753662,0.9,1000,0.22843480110168457,,,,,,0.0
ML-1M,31,hard,0.9995607733726501,1.0,0.0,3.1386797428131104,3.3197624683380127,4.059373378753662,0.9,1000,0.22843480110168457,,,,,,0.0
ML-1M,32,hard,0.9995883703231812,1.0,0.0,3.137817621231079,3.3197624683380127,4.059373378753662,0.9,1000,0.22843480110168457,,,,,,0.0
ML-1M,33,hard,0.9995748996734619,1.0,0.0,3.1358633041381836,3.3197624683380127,4.059373378753662,0.9,1000,0.22843480110168457,,,,,,0.0
ML-1M,34,hard,0.999589741230011,1.0,0.0,3.134401321411133,3.3197624683380127,4.059373378753662,0.9,1000,0.22843480110168457,,,,,,0.0
ML-1M,35,hard,0.9995830059051514,1.0,0.0,3.1325371265411377,3.3197624683380127,4.059373378753662,0.9,1000,0.22843480110168457,,,,,,0.0
ML-1M,36,hard,0.9995917677879333,1.0,0.0,3.1318163871765137,3.3197622299194336,4.059373378753662,0.9,1000,0.22843480110168457,,,,,,0.0
ML-1M,37,hard,0.9995924830436707,1.0,0.0,3.1301498413085938,3.3197624683380127,4.059373378753662,0.9,1000,0.22843480110168457,,,,,,0.0
ML-1M,38,hard,0.9995813965797424,1.0,0.0,3.1290433406829834,3.3197622299194336,4.059373378753662,0.9,1000,0.22843480110168457,,,,,,0.0
ML-1M,39,hard,0.9995925426483154,1.0,0.0,3.1275267601013184,3.3197622299194336,4.059373378753662,0.9,1000,0.22843480110168457,,,,,,0.0
ML-1M,40,hard,0.9995936155319214,1.0,0.0,3.125934600830078,3.3197622299194336,4.059373378753662,0.9,1000,0.22843480110168457,,,,,,0.0
ML-1M,41,hard,0.9995978474617004,1.0,0.0,3.125293016433716,3.3197622299194336,4.059373378753662,0.9,1000,0.22843480110168457,,,,,,0.0
ML-1M,42,hard,0.9995991587638855,1.0,0.0,3.12430477142334,3.3197622299194336,4.059373378753662,0.9,1000,0.22843480110168457,,,,,,0.0
ML-1M,43,hard,0.9995992183685303,1.0,0.0,3.1233773231506348,3.3197622299194336,4.059373378753662,0.9,1000,0.22843480110168457,,,,,,0.0
ML-1M,44,hard,0.9995998740196228,1.0,0.0,3.122697114944458,3.3197622299194336,4.059373378753662,0.9,1000,0.22843480110168457,,,,,,0.0
ML-1M,45,hard,0.9995741844177246,1.0,0.0,3.12168025970459,3.3197622299194336,4.059373378753662,0.9,1000,0.22843480110168457,,,,,,0.0
ML-1M,46,hard,0.999603271484375,1.0,0.0,3.1203296184539795,3.3197622299194336,4.059373378753662,0.9,1000,0.22843480110168457,,,,,,0.0
ML-1M,47,hard,0.9996025562286377,1.0,0.0,3.1198034286499023,3.3197622299194336,4.059373378753662,0.9,1000,0.22843480110168457,,,,,,0.0
ML-1M,48,hard,0.9996026158332825,1.0,0.0,3.1191811561584473,3.3197622299194336,4.059373378753662,0.9,1000,0.22843480110168457,,,,,,0.0
ML-1M,49,hard,0.9996035099029541,1.0,0.0,3.1183505058288574,3.3197622299194336,4.059373378753662,0.9,1000,0.22843480110168457,,,,,,0.0
ML-1M,0,quota,0.9795184135437012,0.9005,0.0995,3.6357293128967285,5.444678783416748,4.059373378753662,0.9,1000,0.22843480110168457,20.0,0.9792321920394897,-0.0002862215042114258,0.0,396.0,
ML-1M,1,quota,0.9866750836372375,0.9005,0.0995,3.5602095127105713,5.469202995300293,4.059373378753662,0.9,1000,0.22843480110168457,20.0,0.9863674640655518,-0.000307619571685791,0.0,311.0,
ML-1M,2,quota,0.9910477995872498,0.9005,0.0995,3.521902322769165,5.498523235321045,4.059373378753662,0.9,1000,0.22843480110168457,20.0,0.9910045266151428,-4.3272972106933594e-05,0.0,269.0,
ML-1M,3,quota,0.993651807308197,0.904,0.096,3.4887964725494385,5.498537540435791,4.059373378753662,0.9,1000,0.22843480110168457,20.0,0.9938674569129944,0.00021564960479736328,7.0,252.0,
ML-1M,4,quota,0.9955127835273743,0.9005,0.0995,3.4763309955596924,5.498137474060059,4.059373378753662,0.9,1000,0.22843480110168457,20.0,0.995618999004364,0.0001062154769897461,0.0,236.0,
ML-1M,5,quota,0.9966320991516113,0.9005,0.0995,3.4637773036956787,5.497003555297852,4.059373378753662,0.9,1000,0.22843480110168457,20.0,0.9967081546783447,7.605552673339844e-05,0.0,233.0,
ML-1M,6,quota,0.9974028468132019,0.902,0.098,3.451059103012085,5.497775554656982,4.059373378753662,0.9,1000,0.22843480110168457,20.0,0.9975041151046753,0.00010126829147338867,3.0,225.0,
ML-1M,7,quota,0.9979371428489685,0.9015,0.0985,3.440784454345703,5.493029594421387,4.059373378753662,0.9,1000,0.22843480110168457,20.0,0.997998058795929,6.091594696044922e-05,2.0,218.0,
ML-1M,8,quota,0.9982495307922363,0.9005,0.0995,3.430919647216797,5.496201992034912,4.059373378753662,0.9,1000,0.22843480110168457,20.0,0.9983689188957214,0.00011938810348510742,0.0,207.0,
ML-1M,9,quota,0.9984689950942993,0.9005,0.0995,3.4240353107452393,5.497101783752441,4.059373378753662,0.9,1000,0.22843480110168457,20.0,0.9985798597335815,0.00011086463928222656,0.0,196.0,
ML-1M,10,quota,0.9987128973007202,0.9005,0.0995,3.419680595397949,5.498417854309082,4.059373378753662,0.9,1000,0.22843480110168457,20.0,0.9987850189208984,7.212162017822266e-05,0.0,192.0,
ML-1M,11,quota,0.9988880753517151,0.9005,0.0995,3.414619207382202,5.502125263214111,4.059373378753662,0.9,1000,0.22843480110168457,20.0,0.9989508986473083,6.282329559326172e-05,0.0,184.0,
ML-1M,12,quota,0.9990367889404297,0.9005,0.0995,3.4123599529266357,5.498487949371338,4.059373378753662,0.9,1000,0.22843480110168457,20.0,0.9990609288215637,2.4139881134033203e-05,0.0,179.0,
ML-1M,13,quota,0.9990894794464111,0.9,0.1,3.407405376434326,5.500254154205322,4.059373378753662,0.9,1000,0.22843480110168457,20.0,0.9991557002067566,6.622076034545898e-05,0.0,171.0,
ML-1M,14,quota,0.9990451335906982,0.9,0.1,3.4026741981506348,5.4940361976623535,4.059373378753662,0.9,1000,0.22843480110168457,20.0,0.999204695224762,0.0001595616340637207,0.0,157.0,
ML-1M,15,quota,0.9991934895515442,0.9,0.1,3.401439905166626,5.4940361976623535,4.059373378753662,0.9,1000,0.22843480110168457,20.0,0.9992440342903137,5.054473876953125e-05,0.0,148.0,
ML-1M,16,quota,0.9991481900215149,0.9,0.1,3.40006685256958,5.494006156921387,4.059373378753662,0.9,1000,0.22843480110168457,20.0,0.9992989301681519,0.0001507401466369629,0.0,135.0,
ML-1M,17,quota,0.9991854429244995,0.9005,0.0995,3.395266532897949,5.49733829498291,4.059373378753662,0.9,1000,0.22843480110168457,20.0,0.9993569254875183,0.00017148256301879883,0.0,127.0,
ML-1M,18,quota,0.9993725419044495,0.9,0.1,3.3942956924438477,5.4977192878723145,4.059373378753662,0.9,1000,0.22843480110168457,20.0,0.99936842918396,-4.112720489501953e-06,0.0,121.0,
ML-1M,19,quota,0.999333918094635,0.8985,0.1015,3.393967628479004,5.49839448928833,4.059373378753662,0.9,1000,0.22843480110168457,20.0,0.9993944764137268,6.0558319091796875e-05,0.0,119.0,
ML-1M,20,quota,0.9993401169776917,0.9,0.1,3.3905887603759766,5.495730400085449,4.059373378753662,0.9,1000,0.22843480110168457,20.0,0.9994238615036011,8.374452590942383e-05,0.0,112.0,
ML-1M,21,quota,0.9994131922721863,0.8995,0.1005,3.387970209121704,5.495090961456299,4.059373378753662,0.9,1000,0.22843480110168457,20.0,0.9994302988052368,1.710653305053711e-05,0.0,104.0,
ML-1M,22,quota,0.9993205070495605,0.899,0.101,3.3857481479644775,5.498376369476318,4.059373378753662,0.9,1000,0.22843480110168457,20.0,0.9994434714317322,0.00012296438217163086,0.0,95.0,
ML-1M,23,quota,0.9994348287582397,0.8985,0.1015,3.384812831878662,5.498465538024902,4.059373378753662,0.9,1000,0.22843480110168457,20.0,0.9994655847549438,3.075599670410156e-05,0.0,91.0,
ML-1M,24,quota,0.9993345737457275,0.8985,0.1015,3.383244514465332,5.4973554611206055,4.059373378753662,0.9,1000,0.22843480110168457,20.0,0.9994737505912781,0.0001391768455505371,0.0,88.0,
ML-1M,25,quota,0.999406635761261,0.9,0.1,3.3813817501068115,5.494370460510254,4.059373378753662,0.9,1000,0.22843480110168457,20.0,0.999480128288269,7.349252700805664e-05,0.0,83.0,
ML-1M,26,quota,0.9994766116142273,0.9,0.1,3.380798816680908,5.499199390411377,4.059373378753662,0.9,1000,0.22843480110168457,20.0,0.9994857311248779,9.119510650634766e-06,0.0,78.0,
ML-1M,27,quota,0.9994916915893555,0.8995,0.1005,3.379324436187744,5.4977216720581055,4.059373378753662,0.9,1000,0.22843480110168457,20.0,0.9994927048683167,1.0132789611816406e-06,0.0,73.0,
ML-1M,28,quota,0.9994858503341675,0.899,0.101,3.377315044403076,5.497032642364502,4.059373378753662,0.9,1000,0.22843480110168457,20.0,0.9995057582855225,1.990795135498047e-05,0.0,71.0,
ML-1M,29,quota,0.9995061159133911,0.8995,0.1005,3.3760976791381836,5.490056037902832,4.059373378753662,0.9,1000,0.22843480110168457,20.0,0.9995097517967224,3.635883331298828e-06,0.0,69.0,
ML-1M,30,quota,0.999513566493988,0.8985,0.1015,3.3757641315460205,5.494690418243408,4.059373378753662,0.9,1000,0.22843480110168457,20.0,0.9995091557502747,-4.410743713378906e-06,0.0,69.0,
ML-1M,31,quota,0.9994447827339172,0.9,0.1,3.37246036529541,5.487059593200684,4.059373378753662,0.9,1000,0.22843480110168457,20.0,0.9995102882385254,6.55055046081543e-05,0.0,68.0,
ML-1M,32,quota,0.9995062351226807,0.8985,0.1015,3.37192702293396,5.486747741699219,4.059373378753662,0.9,1000,0.22843480110168457,20.0,0.9995125532150269,6.318092346191406e-06,0.0,67.0,
ML-1M,33,quota,0.999527096748352,0.9,0.1,3.371631383895874,5.489140510559082,4.059373378753662,0.9,1000,0.22843480110168457,20.0,0.9995134472846985,-1.3649463653564453e-05,0.0,62.0,
ML-1M,34,quota,0.9995258450508118,0.899,0.101,3.371164083480835,5.48832368850708,4.059373378753662,0.9,1000,0.22843480110168457,20.0,0.9995228052139282,-3.039836883544922e-06,0.0,60.0,
ML-1M,35,quota,0.9995264410972595,0.899,0.101,3.3702969551086426,5.482816219329834,4.059373378753662,0.9,1000,0.22843480110168457,20.0,0.9995280504226685,1.6093254089355469e-06,0.0,59.0,
ML-1M,36,quota,0.9995245337486267,0.899,0.101,3.3686957359313965,5.4878668785095215,4.059373378753662,0.9,1000,0.22843480110168457,20.0,0.9995332956314087,8.761882781982422e-06,0.0,58.0,
ML-1M,37,quota,0.9995355010032654,0.9,0.1,3.3662753105163574,5.482884883880615,4.059373378753662,0.9,1000,0.22843480110168457,20.0,0.9995442032814026,8.702278137207031e-06,0.0,58.0,
ML-1M,38,quota,0.9995190501213074,0.8995,0.1005,3.36535382270813,5.487060546875,4.059373378753662,0.9,1000,0.22843480110168457,20.0,0.9995364546775818,1.7404556274414062e-05,0.0,59.0,
ML-1M,39,quota,0.9995158910751343,0.8985,0.1015,3.3647890090942383,5.4869489669799805,4.059373378753662,0.9,1000,0.22843480110168457,20.0,0.9995273351669312,1.1444091796875e-05,0.0,58.0,
ML-1M,40,quota,0.9995186924934387,0.899,0.101,3.363079071044922,5.485955238342285,4.059373378753662,0.9,1000,0.22843480110168457,20.0,0.9995260834693909,7.3909759521484375e-06,0.0,56.0,
ML-1M,41,quota,0.9994537234306335,0.899,0.101,3.3620402812957764,5.4869489669799805,4.059373378753662,0.9,1000,0.22843480110168457,20.0,0.9995439648628235,9.02414321899414e-05,0.0,57.0,
ML-1M,42,quota,0.999539315700531,0.9,0.1,3.361084461212158,5.485955238342285,4.059373378753662,0.9,1000,0.22843480110168457,20.0,0.9995404481887817,1.1324882507324219e-06,0.0,56.0,
ML-1M,43,quota,0.9995467662811279,0.899,0.101,3.360989809036255,5.481687545776367,4.059373378753662,0.9,1000,0.22843480110168457,20.0,0.9995306134223938,-1.615285873413086e-05,0.0,58.0,
ML-1M,44,quota,0.9995473623275757,0.898,0.102,3.3608124256134033,5.481687068939209,4.059373378753662,0.9,1000,0.22843480110168457,20.0,0.9995352625846863,-1.2099742889404297e-05,0.0,57.0,
ML-1M,45,quota,0.9994568824768066,0.8995,0.1005,3.358419418334961,5.478465557098389,4.059373378753662,0.9,1000,0.22843480110168457,20.0,0.9995418787002563,8.499622344970703e-05,0.0,55.0,
ML-1M,46,quota,0.9995465278625488,0.899,0.101,3.3576855659484863,5.477334499359131,4.059373378753662,0.9,1000,0.22843480110168457,20.0,0.9995489716529846,2.4437904357910156e-06,0.0,57.0,
ML-1M,47,quota,0.9995048642158508,0.899,0.101,3.356006622314453,5.478235721588135,4.059373378753662,0.9,1000,0.22843480110168457,20.0,0.9995403289794922,3.546476364135742e-05,0.0,57.0,
ML-1M,48,quota,0.9994686245918274,0.899,0.101,3.355727434158325,5.478235244750977,4.059373378753662,0.9,1000,0.22843480110168457,20.0,0.9995547533035278,8.612871170043945e-05,0.0,58.0,
ML-1M,49,quota,0.9995468258857727,0.8995,0.1005,3.3556132316589355,5.477031230926514,4.059373378753662,0.9,1000,0.22843480110168457,20.0,0.9995591044425964,1.2278556823730469e-05,0.0,55.0,
ML-20M,0,mu,0.9905773997306824,0.8,0.2,4.920974254608154,5.649600505828857,5.470155239105225,0.9,1000,0.7023632526397705,,,,,,
ML-20M,1,mu,0.9929520487785339,0.79,0.21,4.863176345825195,5.651369094848633,5.470155239105225,0.9,1000,0.7023632526397705,,,,,,
ML-20M,2,mu,0.9943112730979919,0.783,0.217,4.8432745933532715,5.660686492919922,5.470155239105225,0.9,1000,0.7023632526397705,,,,,,
ML-20M,3,mu,0.9950944781303406,0.77,0.23,4.828398704528809,5.66999626159668,5.470155239105225,0.9,1000,0.7023632526397705,,,,,,
ML-20M,4,mu,0.9956290125846863,0.763,0.237,4.809939384460449,5.671304702758789,5.470155239105225,0.9,1000,0.7023632526397705,,,,,,
ML-20M,5,mu,0.9959766864776611,0.76,0.24,4.800495147705078,5.66927433013916,5.470155239105225,0.9,1000,0.7023632526397705,,,,,,
ML-20M,6,mu,0.9961506724357605,0.765,0.235,4.7881622314453125,5.673182487487793,5.470155239105225,0.9,1000,0.7023632526397705,,,,,,
ML-20M,7,mu,0.9962840676307678,0.756,0.244,4.778420925140381,5.673695087432861,5.470155239105225,0.9,1000,0.7023632526397705,,,,,,
ML-20M,8,mu,0.9963817000389099,0.758,0.242,4.765275478363037,5.674554824829102,5.470155239105225,0.9,1000,0.7023632526397705,,,,,,
ML-20M,9,mu,0.9964426755905151,0.756,0.244,4.75970458984375,5.675455093383789,5.470155239105225,0.9,1000,0.7023632526397705,,,,,,
ML-20M,10,mu,0.9964842200279236,0.753,0.247,4.751830101013184,5.679341793060303,5.470155239105225,0.9,1000,0.7023632526397705,,,,,,
ML-20M,11,mu,0.9965173006057739,0.749,0.251,4.7449541091918945,5.68330717086792,5.470155239105225,0.9,1000,0.7023632526397705,,,,,,
ML-20M,12,mu,0.9965395331382751,0.746,0.254,4.739729404449463,5.687880516052246,5.470155239105225,0.9,1000,0.7023632526397705,,,,,,
ML-20M,13,mu,0.9965648055076599,0.744,0.256,4.732779502868652,5.686864376068115,5.470155239105225,0.9,1000,0.7023632526397705,,,,,,
ML-20M,14,mu,0.9965744614601135,0.742,0.258,4.727719783782959,5.698578834533691,5.470155239105225,0.9,1000,0.7023632526397705,,,,,,
ML-20M,15,mu,0.9965863823890686,0.744,0.256,4.721421241760254,5.7013044357299805,5.470155239105225,0.9,1000,0.7023632526397705,,,,,,
ML-20M,16,mu,0.9966010451316833,0.741,0.259,4.717055797576904,5.69806432723999,5.470155239105225,0.9,1000,0.7023632526397705,,,,,,
ML-20M,17,mu,0.9966076016426086,0.742,0.258,4.711420059204102,5.700549602508545,5.470155239105225,0.9,1000,0.7023632526397705,,,,,,
ML-20M,18,mu,0.9966140985488892,0.74,0.26,4.706222057342529,5.701416492462158,5.470155239105225,0.9,1000,0.7023632526397705,,,,,,
ML-20M,19,mu,0.9966185092926025,0.741,0.259,4.702913284301758,5.705738544464111,5.470155239105225,0.9,1000,0.7023632526397705,,,,,,
ML-20M,20,mu,0.9966216087341309,0.742,0.258,4.698230266571045,5.704977512359619,5.470155239105225,0.9,1000,0.7023632526397705,,,,,,
ML-20M,21,mu,0.9966238737106323,0.74,0.26,4.693885326385498,5.7063984870910645,5.470155239105225,0.9,1000,0.7023632526397705,,,,,,
ML-20M,22,mu,0.9966233372688293,0.737,0.263,4.691709041595459,5.7057108879089355,5.470155239105225,0.9,1000,0.7023632526397705,,,,,,
ML-20M,23,mu,0.9966320991516113,0.739,0.261,4.687440395355225,5.7074761390686035,5.470155239105225,0.9,1000,0.7023632526397705,,,,,,
ML-20M,24,mu,0.9966340065002441,0.735,0.265,4.683463096618652,5.707884788513184,5.470155239105225,0.9,1000,0.7023632526397705,,,,,,
ML-20M,25,mu,0.9966335296630859,0.736,0.264,4.679779529571533,5.706430912017822,5.470155239105225,0.9,1000,0.7023632526397705,,,,,,
ML-20M,26,mu,0.9966346025466919,0.736,0.264,4.6768317222595215,5.708509922027588,5.470155239105225,0.9,1000,0.7023632526397705,,,,,,
ML-20M,27,mu,0.9966349005699158,0.735,0.265,4.674561500549316,5.714272499084473,5.470155239105225,0.9,1000,0.7023632526397705,,,,,,
ML-20M,28,mu,0.9966384172439575,0.736,0.264,4.673652172088623,5.710475444793701,5.470155239105225,0.9,1000,0.7023632526397705,,,,,,
ML-20M,29,mu,0.9966390132904053,0.732,0.268,4.670677661895752,5.71121072769165,5.470155239105225,0.9,1000,0.7023632526397705,,,,,,
ML-20M,30,mu,0.9966397285461426,0.736,0.264,4.666887283325195,5.710475921630859,5.470155239105225,0.9,1000,0.7023632526397705,,,,,,
ML-20M,31,mu,0.9966429471969604,0.734,0.266,4.664279937744141,5.711224555969238,5.470155239105225,0.9,1000,0.7023632526397705,,,,,,
ML-20M,32,mu,0.9966439604759216,0.735,0.265,4.662982940673828,5.714690685272217,5.470155239105225,0.9,1000,0.7023632526397705,,,,,,
ML-20M,33,mu,0.9966439008712769,0.736,0.264,4.6598591804504395,5.714598655700684,5.470155239105225,0.9,1000,0.7023632526397705,,,,,,
ML-20M,34,mu,0.9966453909873962,0.739,0.261,4.658778190612793,5.718329906463623,5.470155239105225,0.9,1000,0.7023632526397705,,,,,,
ML-20M,35,mu,0.996644914150238,0.735,0.265,4.658106803894043,5.717945098876953,5.470155239105225,0.9,1000,0.7023632526397705,,,,,,
ML-20M,36,mu,0.9966465830802917,0.732,0.268,4.655889987945557,5.714292526245117,5.470155239105225,0.9,1000,0.7023632526397705,,,,,,
ML-20M,37,mu,0.996645987033844,0.734,0.266,4.6524739265441895,5.714076995849609,5.470155239105225,0.9,1000,0.7023632526397705,,,,,,
ML-20M,38,mu,0.9966467618942261,0.73,0.27,4.650784969329834,5.709472179412842,5.470155239105225,0.9,1000,0.7023632526397705,,,,,,
ML-20M,39,mu,0.9966506958007812,0.731,0.269,4.647952079772949,5.714292526245117,5.470155239105225,0.9,1000,0.7023632526397705,,,,,,
ML-20M,40,mu,0.9966496825218201,0.731,0.269,4.647374153137207,5.716084957122803,5.470155239105225,0.9,1000,0.7023632526397705,,,,,,
ML-20M,41,mu,0.9966499209403992,0.73,0.27,4.645057678222656,5.717531204223633,5.470155239105225,0.9,1000,0.7023632526397705,,,,,,
ML-20M,42,mu,0.9966509342193604,0.729,0.271,4.644974708557129,5.715816020965576,5.470155239105225,0.9,1000,0.7023632526397705,,,,,,
ML-20M,43,mu,0.9966492652893066,0.73,0.27,4.641983509063721,5.714454174041748,5.470155239105225,0.9,1000,0.7023632526397705,,,,,,
ML-20M,44,mu,0.9966493248939514,0.729,0.271,4.64243221282959,5.717501640319824,5.470155239105225,0.9,1000,0.7023632526397705,,,,,,
ML-20M,45,mu,0.9966502785682678,0.73,0.27,4.638686656951904,5.717578887939453,5.470155239105225,0.9,1000,0.7023632526397705,,,,,,
ML-20M,46,mu,0.9966511726379395,0.729,0.271,4.636507034301758,5.717578887939453,5.470155239105225,0.9,1000,0.7023632526397705,,,,,,
ML-20M,47,mu,0.9966506958007812,0.731,0.269,4.636712074279785,5.71932315826416,5.470155239105225,0.9,1000,0.7023632526397705,,,,,,
ML-20M,48,mu,0.9966506361961365,0.732,0.268,4.634777545928955,5.723662853240967,5.470155239105225,0.9,1000,0.7023632526397705,,,,,,
ML-20M,49,mu,0.9966533184051514,0.731,0.269,4.633481979370117,5.725153923034668,5.470155239105225,0.9,1000,0.7023632526397705,,,,,,
ML-20M,0,penalty,0.9841049909591675,0.905,0.095,3.7563891410827637,5.571877479553223,5.470155239105225,0.9,1000,0.7023632526397705,,,,,,
ML-20M,1,penalty,0.9901908040046692,0.898,0.102,3.6907689571380615,5.5893754959106445,5.470155239105225,0.9,1000,0.7023632526397705,,,,,,
ML-20M,2,penalty,0.9933549761772156,0.885,0.115,3.662644863128662,5.594696998596191,5.470155239105225,0.9,1000,0.7023632526397705,,,,,,
ML-20M,3,penalty,0.9948318600654602,0.876,0.124,3.6508896350860596,5.600278377532959,5.470155239105225,0.9,1000,0.7023632526397705,,,,,,
ML-20M,4,penalty,0.9956082701683044,0.879,0.121,3.6351821422576904,5.614029407501221,5.470155239105225,0.9,1000,0.7023632526397705,,,,,,
ML-20M,5,penalty,0.9960512518882751,0.874,0.126,3.6226401329040527,5.614146709442139,5.470155239105225,0.9,1000,0.7023632526397705,,,,,,
ML-20M,6,penalty,0.9962440133094788,0.872,0.128,3.607865571975708,5.61118221282959,5.470155239105225,0.9,1000,0.7023632526397705,,,,,,
ML-20M,7,penalty,0.9964016079902649,0.873,0.127,3.5978469848632812,5.61118221282959,5.470155239105225,0.9,1000,0.7023632526397705,,,,,,
ML-20M,8,penalty,0.9964784383773804,0.873,0.127,3.589475393295288,5.618298053741455,5.470155239105225,0.9,1000,0.7023632526397705,,,,,,
ML-20M,9,penalty,0.9965290427207947,0.869,0.131,3.581711530685425,5.617180824279785,5.470155239105225,0.9,1000,0.7023632526397705,,,,,,
ML-20M,10,penalty,0.9965644478797913,0.871,0.129,3.5754120349884033,5.619692325592041,5.470155239105225,0.9,1000,0.7023632526397705,,,,,,
ML-20M,11,penalty,0.9965879917144775,0.869,0.131,3.5706591606140137,5.622074604034424,5.470155239105225,0.9,1000,0.7023632526397705,,,,,,
ML-20M,12,penalty,0.9966076612472534,0.87,0.13,3.5655503273010254,5.619692325592041,5.470155239105225,0.9,1000,0.7023632526397705,,,,,,
ML-20M,13,penalty,0.9966182112693787,0.869,0.131,3.5591542720794678,5.61968469619751,5.470155239105225,0.9,1000,0.7023632526397705,,,,,,
ML-20M,14,penalty,0.9966228604316711,0.868,0.132,3.5539262294769287,5.627387523651123,5.470155239105225,0.9,1000,0.7023632526397705,,,,,,
ML-20M,15,penalty,0.9966345429420471,0.869,0.131,3.546539306640625,5.627387523651123,5.470155239105225,0.9,1000,0.7023632526397705,,,,,,
ML-20M,16,penalty,0.9966390132904053,0.867,0.133,3.5444178581237793,5.629210948944092,5.470155239105225,0.9,1000,0.7023632526397705,,,,,,
ML-20M,17,penalty,0.9966422319412231,0.866,0.134,3.538562059402466,5.629210948944092,5.470155239105225,0.9,1000,0.7023632526397705,,,,,,
ML-20M,18,penalty,0.9966481924057007,0.865,0.135,3.5345044136047363,5.630397796630859,5.470155239105225,0.9,1000,0.7023632526397705,,,,,,
ML-20M,19,penalty,0.9966533184051514,0.866,0.134,3.5291690826416016,5.632359981536865,5.470155239105225,0.9,1000,0.7023632526397705,,,,,,
ML-20M,20,penalty,0.9966461062431335,0.865,0.135,3.5257484912872314,5.635708808898926,5.470155239105225,0.9,1000,0.7023632526397705,,,,,,
ML-20M,21,penalty,0.9966527819633484,0.865,0.135,3.5207440853118896,5.638081073760986,5.470155239105225,0.9,1000,0.7023632526397705,,,,,,
ML-20M,22,penalty,0.9966573715209961,0.864,0.136,3.5160086154937744,5.646547317504883,5.470155239105225,0.9,1000,0.7023632526397705,,,,,,
ML-20M,23,penalty,0.9966577887535095,0.865,0.135,3.5111806392669678,5.638081073760986,5.470155239105225,0.9,1000,0.7023632526397705,,,,,,
ML-20M,24,penalty,0.9966572523117065,0.865,0.135,3.5074613094329834,5.638081073760986,5.470155239105225,0.9,1000,0.7023632526397705,,,,,,
ML-20M,25,penalty,0.9966607689857483,0.868,0.132,3.502451181411743,5.633360385894775,5.470155239105225,0.9,1000,0.7023632526397705,,,,,,
ML-20M,26,penalty,0.9966617226600647,0.863,0.137,3.500344753265381,5.640880107879639,5.470155239105225,0.9,1000,0.7023632526397705,,,,,,
ML-20M,27,penalty,0.9966617226600647,0.866,0.134,3.497114658355713,5.6371331214904785,5.470155239105225,0.9,1000,0.7023632526397705,,,,,,
ML-20M,28,penalty,0.9966628551483154,0.867,0.133,3.4928486347198486,5.636291027069092,5.470155239105225,0.9,1000,0.7023632526397705,,,,,,
ML-20M,29,penalty,0.996665358543396,0.864,0.136,3.4893569946289062,5.634270668029785,5.470155239105225,0.9,1000,0.7023632526397705,,,,,,
ML-20M,30,penalty,0.9966646432876587,0.866,0.134,3.486482858657837,5.636166572570801,5.470155239105225,0.9,1000,0.7023632526397705,,,,,,
ML-20M,31,penalty,0.9966669678688049,0.865,0.135,3.4841220378875732,5.636166095733643,5.470155239105225,0.9,1000,0.7023632526397705,,,,,,
ML-20M,32,penalty,0.9966655969619751,0.865,0.135,3.481539011001587,5.636166095733643,5.470155239105225,0.9,1000,0.7023632526397705,,,,,,
ML-20M,33,penalty,0.9966654181480408,0.863,0.137,3.4799022674560547,5.640318870544434,5.470155239105225,0.9,1000,0.7023632526397705,,,,,,
ML-20M,34,penalty,0.9966678023338318,0.861,0.139,3.476954698562622,5.641681671142578,5.470155239105225,0.9,1000,0.7023632526397705,,,,,,
ML-20M,35,penalty,0.9966656565666199,0.859,0.141,3.474808931350708,5.6418256759643555,5.470155239105225,0.9,1000,0.7023632526397705,,,,,,
ML-20M,36,penalty,0.9966686964035034,0.858,0.142,3.4716029167175293,5.644601345062256,5.470155239105225,0.9,1000,0.7023632526397705,,,,,,
ML-20M,37,penalty,0.9966690540313721,0.857,0.143,3.4705967903137207,5.641704082489014,5.470155239105225,0.9,1000,0.7023632526397705,,,,,,
ML-20M,38,penalty,0.9966690540313721,0.859,0.141,3.4702465534210205,5.64694356918335,5.470155239105225,0.9,1000,0.7023632526397705,,,,,,
ML-20M,39,penalty,0.9966684579849243,0.857,0.143,3.4689645767211914,5.6504716873168945,5.470155239105225,0.9,1000,0.7023632526397705,,,,,,
ML-20M,40,penalty,0.9966700673103333,0.857,0.143,3.4675674438476562,5.641751766204834,5.470155239105225,0.9,1000,0.7023632526397705,,,,,,
ML-20M,41,penalty,0.9966697096824646,0.858,0.142,3.466215133666992,5.6465535163879395,5.470155239105225,0.9,1000,0.7023632526397705,,,,,,
ML-20M,42,penalty,0.9966700673103333,0.856,0.144,3.4652397632598877,5.643001079559326,5.470155239105225,0.9,1000,0.7023632526397705,,,,,,
ML-20M,43,penalty,0.9966692924499512,0.859,0.141,3.4640090465545654,5.646247863769531,5.470155239105225,0.9,1000,0.7023632526397705,,,,,,
ML-20M,44,penalty,0.9966679811477661,0.859,0.141,3.4625487327575684,5.647876262664795,5.470155239105225,0.9,1000,0.7023632526397705,,,,,,
ML-20M,45,penalty,0.9966700673103333,0.859,0.141,3.4612250328063965,5.646596431732178,5.470155239105225,0.9,1000,0.7023632526397705,,,,,,
ML-20M,46,penalty,0.9966704249382019,0.86,0.14,3.4608798027038574,5.653044700622559,5.470155239105225,0.9,1000,0.7023632526397705,,,,,,
ML-20M,47,penalty,0.9966690540313721,0.861,0.139,3.4597573280334473,5.6527252197265625,5.470155239105225,0.9,1000,0.7023632526397705,,,,,,
ML-20M,48,penalty,0.9966707825660706,0.858,0.142,3.458681106567383,5.653043746948242,5.470155239105225,0.9,1000,0.7023632526397705,,,,,,
ML-20M,49,penalty,0.9966711401939392,0.858,0.142,3.4580681324005127,5.654919624328613,5.470155239105225,0.9,1000,0.7023632526397705,,,,,,
ML-20M,0,hard,0.9902946949005127,1.0,0.0,4.80586576461792,5.453282833099365,5.470155239105225,0.9,1000,0.7023632526397705,,,,,,0.0
ML-20M,1,hard,0.9926283955574036,1.0,0.0,4.755208492279053,5.457377910614014,5.470155239105225,0.9,1000,0.7023632526397705,,,,,,0.0
ML-20M,2,hard,0.9939702153205872,1.0,0.0,4.719078540802002,5.456753253936768,5.470155239105225,0.9,1000,0.7023632526397705,,,,,,0.0
ML-20M,3,hard,0.9949000477790833,1.0,0.0,4.693624019622803,5.457697868347168,5.470155239105225,0.9,1000,0.7023632526397705,,,,,,0.0
ML-20M,4,hard,0.9955085515975952,1.0,0.0,4.679897785186768,5.458481788635254,5.470155239105225,0.9,1000,0.7023632526397705,,,,,,0.0
ML-20M,5,hard,0.9958471059799194,1.0,0.0,4.658829689025879,5.456130027770996,5.470155239105225,0.9,1000,0.7023632526397705,,,,,,0.0
ML-20M,6,hard,0.9958357810974121,1.0,0.0,4.6426472663879395,5.460753917694092,5.470155239105225,0.9,1000,0.7023632526397705,,,,,,0.0
ML-20M,7,hard,0.9959259033203125,1.0,0.0,4.629467010498047,5.459357261657715,5.470155239105225,0.9,1000,0.7023632526397705,,,,,,0.0
ML-20M,8,hard,0.9961400032043457,1.0,0.0,4.615319728851318,5.457829475402832,5.470155239105225,0.9,1000,0.7023632526397705,,,,,,0.0
ML-20M,9,hard,0.9963281154632568,1.0,0.0,4.608217239379883,5.460476875305176,5.470155239105225,0.9,1000,0.7023632526397705,,,,,,0.0
ML-20M,10,hard,0.9961513876914978,1.0,0.0,4.604263782501221,5.460421562194824,5.470155239105225,0.9,1000,0.7023632526397705,,,,,,0.0
ML-20M,11,hard,0.9963990449905396,1.0,0.0,4.599656105041504,5.459871292114258,5.470155239105225,0.9,1000,0.7023632526397705,,,,,,0.0
ML-20M,12,hard,0.9964491128921509,1.0,0.0,4.5934834480285645,5.459864139556885,5.470155239105225,0.9,1000,0.7023632526397705,,,,,,0.0
ML-20M,13,hard,0.9965097904205322,1.0,0.0,4.588054656982422,5.462237358093262,5.470155239105225,0.9,1000,0.7023632526397705,,,,,,0.0
ML-20M,14,hard,0.9964838624000549,1.0,0.0,4.582391738891602,5.461952209472656,5.470155239105225,0.9,1000,0.7023632526397705,,,,,,0.0
ML-20M,15,hard,0.9963148832321167,1.0,0.0,4.578005790710449,5.462081432342529,5.470155239105225,0.9,1000,0.7023632526397705,,,,,,0.0
ML-20M,16,hard,0.99643874168396,1.0,0.0,4.574221611022949,5.462387561798096,5.470155239105225,0.9,1000,0.7023632526397705,,,,,,0.0
ML-20M,17,hard,0.9964758157730103,1.0,0.0,4.569111347198486,5.462238788604736,5.470155239105225,0.9,1000,0.7023632526397705,,,,,,0.0
ML-20M,18,hard,0.9965437054634094,1.0,0.0,4.565489292144775,5.462882041931152,5.470155239105225,0.9,1000,0.7023632526397705,,,,,,0.0
ML-20M,19,hard,0.9963383674621582,1.0,0.0,4.561161518096924,5.463088512420654,5.470155239105225,0.9,1000,0.7023632526397705,,,,,,0.0
ML-20M,20,hard,0.9964583516120911,1.0,0.0,4.55788516998291,5.464125633239746,5.470155239105225,0.9,1000,0.7023632526397705,,,,,,0.0
ML-20M,21,hard,0.9964661598205566,1.0,0.0,4.553749084472656,5.463977813720703,5.470155239105225,0.9,1000,0.7023632526397705,,,,,,0.0
ML-20M,22,hard,0.9964097142219543,1.0,0.0,4.552387237548828,5.463093280792236,5.470155239105225,0.9,1000,0.7023632526397705,,,,,,0.0
ML-20M,23,hard,0.9964956641197205,1.0,0.0,4.546309947967529,5.463122367858887,5.470155239105225,0.9,1000,0.7023632526397705,,,,,,0.0
ML-20M,24,hard,0.9965359568595886,1.0,0.0,4.542323112487793,5.463578701019287,5.470155239105225,0.9,1000,0.7023632526397705,,,,,,0.0
ML-20M,25,hard,0.9965036511421204,1.0,0.0,4.538219928741455,5.4627556800842285,5.470155239105225,0.9,1000,0.7023632526397705,,,,,,0.0
ML-20M,26,hard,0.9965559244155884,1.0,0.0,4.5349225997924805,5.464089393615723,5.470155239105225,0.9,1000,0.7023632526397705,,,,,,0.0
ML-20M,27,hard,0.9965075850486755,1.0,0.0,4.533768653869629,5.464066505432129,5.470155239105225,0.9,1000,0.7023632526397705,,,,,,0.0
ML-20M,28,hard,0.9965412616729736,1.0,0.0,4.5284833908081055,5.464513778686523,5.470155239105225,0.9,1000,0.7023632526397705,,,,,,0.0
ML-20M,29,hard,0.9965226650238037,1.0,0.0,4.526193618774414,5.463274002075195,5.470155239105225,0.9,1000,0.7023632526397705,,,,,,0.0
ML-20M,30,hard,0.996548056602478,1.0,0.0,4.520957946777344,5.464372634887695,5.470155239105225,0.9,1000,0.7023632526397705,,,,,,0.0
ML-20M,31,hard,0.9965508580207825,1.0,0.0,4.517420768737793,5.462848663330078,5.470155239105225,0.9,1000,0.7023632526397705,,,,,,0.0
ML-20M,32,hard,0.9966450929641724,1.0,0.0,4.516092777252197,5.464173316955566,5.470155239105225,0.9,1000,0.7023632526397705,,,,,,0.0
ML-20M,33,hard,0.9965004324913025,1.0,0.0,4.511948108673096,5.464602947235107,5.470155239105225,0.9,1000,0.7023632526397705,,,,,,0.0
ML-20M,34,hard,0.9965778589248657,1.0,0.0,4.508810043334961,5.464173316955566,5.470155239105225,0.9,1000,0.7023632526397705,,,,,,0.0
ML-20M,35,hard,0.9965720176696777,1.0,0.0,4.509308815002441,5.464359760284424,5.470155239105225,0.9,1000,0.7023632526397705,,,,,,0.0
ML-20M,36,hard,0.9965152144432068,1.0,0.0,4.507331371307373,5.464691638946533,5.470155239105225,0.9,1000,0.7023632526397705,,,,,,0.0
ML-20M,37,hard,0.9965473413467407,1.0,0.0,4.502810478210449,5.46392297744751,5.470155239105225,0.9,1000,0.7023632526397705,,,,,,0.0
ML-20M,38,hard,0.9964444637298584,1.0,0.0,4.497016906738281,5.463931560516357,5.470155239105225,0.9,1000,0.7023632526397705,,,,,,0.0
ML-20M,39,hard,0.9964606165885925,1.0,0.0,4.494486331939697,5.464526176452637,5.470155239105225,0.9,1000,0.7023632526397705,,,,,,0.0
ML-20M,40,hard,0.996543288230896,1.0,0.0,4.492320537567139,5.464544773101807,5.470155239105225,0.9,1000,0.7023632526397705,,,,,,0.0
ML-20M,41,hard,0.996487557888031,1.0,0.0,4.490897178649902,5.464160442352295,5.470155239105225,0.9,1000,0.7023632526397705,,,,,,0.0
ML-20M,42,hard,0.9963386654853821,1.0,0.0,4.48914098739624,5.464559078216553,5.470155239105225,0.9,1000,0.7023632526397705,,,,,,0.0
ML-20M,43,hard,0.9965613484382629,1.0,0.0,4.485848426818848,5.4645256996154785,5.470155239105225,0.9,1000,0.7023632526397705,,,,,,0.0
ML-20M,44,hard,0.9965676665306091,1.0,0.0,4.483633995056152,5.4645256996154785,5.470155239105225,0.9,1000,0.7023632526397705,,,,,,0.0
ML-20M,45,hard,0.9965344071388245,1.0,0.0,4.480993270874023,5.464323043823242,5.470155239105225,0.9,1000,0.7023632526397705,,,,,,0.0
ML-20M,46,hard,0.9965764880180359,1.0,0.0,4.478949069976807,5.4646077156066895,5.470155239105225,0.9,1000,0.7023632526397705,,,,,,0.0
ML-20M,47,hard,0.9965999722480774,1.0,0.0,4.477133750915527,5.465131759643555,5.470155239105225,0.9,1000,0.7023632526397705,,,,,,0.0
ML-20M,48,hard,0.9965201616287231,1.0,0.0,4.476297855377197,5.465632915496826,5.470155239105225,0.9,1000,0.7023632526397705,,,,,,0.0
ML-20M,49,hard,0.9964443445205688,1.0,0.0,4.4745073318481445,5.46455192565918,5.470155239105225,0.9,1000,0.7023632526397705,,,,,,0.0
ML-20M,0,quota,0.990731418132782,0.901,0.099,4.904237270355225,5.630083084106445,5.470155239105225,0.9,1000,0.7023632526397705,20.0,0.9906677007675171,-6.371736526489258e-05,0.0,200.0,
ML-20M,1,quota,0.9929099082946777,0.902,0.098,4.853511810302734,5.6344804763793945,5.470155239105225,0.9,1000,0.7023632526397705,20.0,0.9929479956626892,3.808736801147461e-05,1.0,211.0,
ML-20M,2,quota,0.9941162467002869,0.901,0.099,4.821752071380615,5.640323638916016,5.470155239105225,0.9,1000,0.7023632526397705,20.0,0.9943355917930603,0.0002193450927734375,0.0,220.0,
ML-20M,3,quota,0.9949803352355957,0.902,0.098,4.793920040130615,5.636679649353027,5.470155239105225,0.9,1000,0.7023632526397705,20.0,0.9950330853462219,5.27501106262207e-05,1.0,220.0,
ML-20M,4,quota,0.9955160021781921,0.902,0.098,4.775166034698486,5.630218505859375,5.470155239105225,0.9,1000,0.7023632526397705,20.0,0.9955757260322571,5.9723854064941406e-05,1.0,222.0,
ML-20M,5,quota,0.9958131909370422,0.901,0.099,4.760531902313232,5.637730121612549,5.470155239105225,0.9,1000,0.7023632526397705,20.0,0.9959523677825928,0.0001391768455505371,0.0,232.0,
ML-20M,6,quota,0.9961040616035461,0.901,0.099,4.746382713317871,5.640814304351807,5.470155239105225,0.9,1000,0.7023632526397705,20.0,0.9960583448410034,-4.571676254272461e-05,0.0,229.0,
ML-20M,7,quota,0.9962269067764282,0.902,0.098,4.73699426651001,5.652825832366943,5.470155239105225,0.9,1000,0.7023632526397705,20.0,0.9962496161460876,2.2709369659423828e-05,1.0,226.0,
ML-20M,8,quota,0.9963105916976929,0.903,0.097,4.728856563568115,5.64007043838501,5.470155239105225,0.9,1000,0.7023632526397705,20.0,0.9963085055351257,-2.086162567138672e-06,2.0,229.0,
ML-20M,9,quota,0.9963759779930115,0.902,0.098,4.721391677856445,5.658538818359375,5.470155239105225,0.9,1000,0.7023632526397705,20.0,0.9964250326156616,4.9054622650146484e-05,1.0,225.0,
ML-20M,10,quota,0.9963956475257874,0.901,0.099,4.719596862792969,5.656460762023926,5.470155239105225,0.9,1000,0.7023632526397705,20.0,0.9963794946670532,-1.615285873413086e-05,0.0,228.0,
ML-20M,11,quota,0.9964490532875061,0.901,0.099,4.711718559265137,5.660671710968018,5.470155239105225,0.9,1000,0.7023632526397705,20.0,0.9964497685432434,7.152557373046875e-07,0.0,228.0,
ML-20M,12,quota,0.9964262843132019,0.901,0.099,4.700535297393799,5.654721736907959,5.470155239105225,0.9,1000,0.7023632526397705,20.0,0.9964659810066223,3.9696693420410156e-05,0.0,230.0,
ML-20M,13,quota,0.9964715838432312,0.901,0.099,4.6963276863098145,5.671468734741211,5.470155239105225,0.9,1000,0.7023632526397705,20.0,0.9964741468429565,2.562999725341797e-06,0.0,232.0,
ML-20M,14,quota,0.9965347647666931,0.9,0.1,4.690997123718262,5.672704696655273,5.470155239105225,0.9,1000,0.7023632526397705,20.0,0.9965391755104065,4.410743713378906e-06,0.0,227.0,
ML-20M,15,quota,0.9965421557426453,0.901,0.099,4.688266754150391,5.671788215637207,5.470155239105225,0.9,1000,0.7023632526397705,20.0,0.9964975714683533,-4.458427429199219e-05,0.0,230.0,
ML-20M,16,quota,0.9965452551841736,0.901,0.099,4.684262752532959,5.671788215637207,5.470155239105225,0.9,1000,0.7023632526397705,20.0,0.9965693354606628,2.4080276489257812e-05,0.0,223.0,
ML-20M,17,quota,0.9965922832489014,0.901,0.099,4.681389331817627,5.6650543212890625,5.470155239105225,0.9,1000,0.7023632526397705,20.0,0.9965610504150391,-3.123283386230469e-05,0.0,226.0,
ML-20M,18,quota,0.99658203125,0.901,0.099,4.678276538848877,5.668126583099365,5.470155239105225,0.9,1000,0.7023632526397705,20.0,0.9965642094612122,-1.7821788787841797e-05,0.0,226.0,
ML-20M,19,quota,0.9964784979820251,0.901,0.099,4.676957130432129,5.6647419929504395,5.470155239105225,0.9,1000,0.7023632526397705,20.0,0.9966086149215698,0.00013011693954467773,0.0,223.0,
ML-20M,20,quota,0.9966047406196594,0.901,0.099,4.670263767242432,5.661238670349121,5.470155239105225,0.9,1000,0.7023632526397705,20.0,0.9966181516647339,1.341104507446289e-05,0.0,228.0,
ML-20M,21,quota,0.996559202671051,0.902,0.098,4.670825004577637,5.667566776275635,5.470155239105225,0.9,1000,0.7023632526397705,20.0,0.9966233372688293,6.413459777832031e-05,1.0,227.0,
ML-20M,22,quota,0.9966118335723877,0.902,0.098,4.66841983795166,5.674874305725098,5.470155239105225,0.9,1000,0.7023632526397705,20.0,0.9966055154800415,-6.318092346191406e-06,1.0,222.0,
ML-20M,23,quota,0.9966108202934265,0.901,0.099,4.661594867706299,5.674752235412598,5.470155239105225,0.9,1000,0.7023632526397705,20.0,0.9966078996658325,-2.9206275939941406e-06,0.0,227.0,
ML-20M,24,quota,0.9965287446975708,0.902,0.098,4.65892219543457,5.674874305725098,5.470155239105225,0.9,1000,0.7023632526397705,20.0,0.9965871572494507,5.841255187988281e-05,1.0,230.0,
ML-20M,25,quota,0.9965808987617493,0.901,0.099,4.653887748718262,5.673671245574951,5.470155239105225,0.9,1000,0.7023632526397705,20.0,0.9966336488723755,5.27501106262207e-05,0.0,230.0,
ML-20M,26,quota,0.9965618848800659,0.901,0.099,4.653144359588623,5.678421974182129,5.470155239105225,0.9,1000,0.7023632526397705,20.0,0.9966102242469788,4.83393669128418e-05,0.0,233.0,
ML-20M,27,quota,0.9966352581977844,0.901,0.099,4.653834819793701,5.678134441375732,5.470155239105225,0.9,1000,0.7023632526397705,20.0,0.9966158270835876,-1.9431114196777344e-05,0.0,233.0,
ML-20M,28,quota,0.9966365694999695,0.902,0.098,4.651041030883789,5.678187847137451,5.470155239105225,0.9,1000,0.7023632526397705,20.0,0.9965906143188477,-4.595518112182617e-05,1.0,234.0,
ML-20M,29,quota,0.9966020584106445,0.9,0.1,4.646803379058838,5.6805596351623535,5.470155239105225,0.9,1000,0.7023632526397705,20.0,0.9966106414794922,8.58306884765625e-06,0.0,233.0,
ML-20M,30,quota,0.9966292977333069,0.901,0.099,4.6438775062561035,5.674752235412598,5.470155239105225,0.9,1000,0.7023632526397705,20.0,0.9966292977333069,0.0,0.0,239.0,
ML-20M,31,quota,0.9966402649879456,0.901,0.099,4.639920711517334,5.674851894378662,5.470155239105225,0.9,1000,0.7023632526397705,20.0,0.9966155886650085,-2.467632293701172e-05,0.0,239.0,
ML-20M,32,quota,0.996612548828125,0.901,0.099,4.637839317321777,5.68919563293457,5.470155239105225,0.9,1000,0.7023632526397705,20.0,0.9965639710426331,-4.857778549194336e-05,0.0,239.0,
ML-20M,33,quota,0.9965894818305969,0.901,0.099,4.636801719665527,5.670285224914551,5.470155239105225,0.9,1000,0.7023632526397705,20.0,0.9966383576393127,4.887580871582031e-05,0.0,238.0,
ML-20M,34,quota,0.9966452717781067,0.901,0.099,4.634598731994629,5.682282447814941,5.470155239105225,0.9,1000,0.7023632526397705,20.0,0.9965793490409851,-6.592273712158203e-05,0.0,240.0,
ML-20M,35,quota,0.9966250061988831,0.901,0.099,4.63228702545166,5.677748680114746,5.470155239105225,0.9,1000,0.7023632526397705,20.0,0.9966152310371399,-9.775161743164062e-06,0.0,234.0,
ML-20M,36,quota,0.9965891242027283,0.901,0.099,4.630797863006592,5.68919563293457,5.470155239105225,0.9,1000,0.7023632526397705,20.0,0.9966386556625366,4.953145980834961e-05,0.0,236.0,
ML-20M,37,quota,0.9965937733650208,0.901,0.099,4.628424644470215,5.682478427886963,5.470155239105225,0.9,1000,0.7023632526397705,20.0,0.9965996146202087,5.841255187988281e-06,0.0,235.0,
ML-20M,38,quota,0.9965877532958984,0.901,0.099,4.62515926361084,5.684548854827881,5.470155239105225,0.9,1000,0.7023632526397705,20.0,0.9966139793395996,2.6226043701171875e-05,0.0,237.0,
ML-20M,39,quota,0.9966153502464294,0.901,0.099,4.623401165008545,5.6865153312683105,5.470155239105225,0.9,1000,0.7023632526397705,20.0,0.9966203570365906,5.0067901611328125e-06,0.0,235.0,
ML-20M,40,quota,0.9966498613357544,0.9,0.1,4.621257781982422,5.677942276000977,5.470155239105225,0.9,1000,0.7023632526397705,20.0,0.9966211915016174,-2.866983413696289e-05,0.0,244.0,
ML-20M,41,quota,0.9966117143630981,0.901,0.099,4.620346546173096,5.686763763427734,5.470155239105225,0.9,1000,0.7023632526397705,20.0,0.9966104626655579,-1.2516975402832031e-06,0.0,239.0,
ML-20M,42,quota,0.9966277480125427,0.901,0.099,4.618457794189453,5.67479133605957,5.470155239105225,0.9,1000,0.7023632526397705,20.0,0.9966304302215576,2.682209014892578e-06,0.0,243.0,
ML-20M,43,quota,0.9966445565223694,0.901,0.099,4.61594295501709,5.673407077789307,5.470155239105225,0.9,1000,0.7023632526397705,20.0,0.9966331720352173,-1.138448715209961e-05,0.0,232.0,
ML-20M,44,quota,0.996624767780304,0.901,0.099,4.613486289978027,5.67933988571167,5.470155239105225,0.9,1000,0.7023632526397705,20.0,0.9965925216674805,-3.224611282348633e-05,0.0,240.0,
ML-20M,45,quota,0.9964486956596375,0.901,0.099,4.610435485839844,5.679465293884277,5.470155239105225,0.9,1000,0.7023632526397705,20.0,0.9965784549713135,0.0001297593116760254,0.0,243.0,
ML-20M,46,quota,0.9966387748718262,0.901,0.099,4.611292839050293,5.689116477966309,5.470155239105225,0.9,1000,0.7023632526397705,20.0,0.9966477155685425,8.940696716308594e-06,0.0,239.0,
ML-20M,47,quota,0.9965245127677917,0.901,0.099,4.609375,5.671262264251709,5.470155239105225,0.9,1000,0.7023632526397705,20.0,0.9966345429420471,0.0001100301742553711,0.0,241.0,
ML-20M,48,quota,0.9965615272521973,0.901,0.099,4.606682300567627,5.679274082183838,5.470155239105225,0.9,1000,0.7023632526397705,20.0,0.9966385364532471,7.700920104980469e-05,0.0,239.0,
ML-20M,49,quota,0.996633768081665,0.902,0.098,4.604458332061768,5.679274082183838,5.470155239105225,0.9,1000,0.7023632526397705,20.0,0.9966500401496887,1.627206802368164e-05,1.0,240.0,
Amazon-VideoGames,0,mu,0.9912059307098389,0.8,0.2,5.723459243774414,5.879199028015137,5.8191752433776855,0.9,1000,0.2487778663635254,,,,,,
Amazon-VideoGames,1,mu,0.992725133895874,0.795,0.205,5.723860263824463,5.877290725708008,5.8191752433776855,0.9,1000,0.2487778663635254,,,,,,
Amazon-VideoGames,2,mu,0.993843138217926,0.793,0.207,5.723082065582275,5.8842597007751465,5.8191752433776855,0.9,1000,0.2487778663635254,,,,,,
Amazon-VideoGames,3,mu,0.9947354793548584,0.789,0.211,5.72272253036499,5.88176965713501,5.8191752433776855,0.9,1000,0.2487778663635254,,,,,,
Amazon-VideoGames,4,mu,0.9953992962837219,0.779,0.221,5.722553730010986,5.8903679847717285,5.8191752433776855,0.9,1000,0.2487778663635254,,,,,,
Amazon-VideoGames,5,mu,0.9961984753608704,0.772,0.228,5.72338342666626,5.887391567230225,5.8191752433776855,0.9,1000,0.2487778663635254,,,,,,
Amazon-VideoGames,6,mu,0.996690571308136,0.764,0.236,5.723552703857422,5.881858825683594,5.8191752433776855,0.9,1000,0.2487778663635254,,,,,,
Amazon-VideoGames,7,mu,0.9969351887702942,0.76,0.24,5.72382116317749,5.88903284072876,5.8191752433776855,0.9,1000,0.2487778663635254,,,,,,
Amazon-VideoGames,8,mu,0.9973695278167725,0.757,0.243,5.723501682281494,5.890461444854736,5.8191752433776855,0.9,1000,0.2487778663635254,,,,,,
Amazon-VideoGames,9,mu,0.9976112246513367,0.741,0.259,5.723471641540527,5.892876625061035,5.8191752433776855,0.9,1000,0.2487778663635254,,,,,,
Amazon-VideoGames,10,mu,0.9978089332580566,0.74,0.26,5.723910331726074,5.893757343292236,5.8191752433776855,0.9,1000,0.2487778663635254,,,,,,
Amazon-VideoGames,11,mu,0.997940719127655,0.743,0.257,5.723696231842041,5.890223503112793,5.8191752433776855,0.9,1000,0.2487778663635254,,,,,,
Amazon-VideoGames,12,mu,0.998065710067749,0.742,0.258,5.72366189956665,5.893893718719482,5.8191752433776855,0.9,1000,0.2487778663635254,,,,,,
Amazon-VideoGames,13,mu,0.9982771277427673,0.741,0.259,5.72367000579834,5.894528865814209,5.8191752433776855,0.9,1000,0.2487778663635254,,,,,,
Amazon-VideoGames,14,mu,0.9983198642730713,0.741,0.259,5.723778247833252,5.893014907836914,5.8191752433776855,0.9,1000,0.2487778663635254,,,,,,
Amazon-VideoGames,15,mu,0.9983730316162109,0.737,0.263,5.724356174468994,5.896568298339844,5.8191752433776855,0.9,1000,0.2487778663635254,,,,,,
Amazon-VideoGames,16,mu,0.9985334277153015,0.732,0.268,5.72415018081665,5.89961576461792,5.8191752433776855,0.9,1000,0.2487778663635254,,,,,,
Amazon-VideoGames,17,mu,0.9985867738723755,0.726,0.274,5.724104404449463,5.89452600479126,5.8191752433776855,0.9,1000,0.2487778663635254,,,,,,
Amazon-VideoGames,18,mu,0.998629093170166,0.72,0.28,5.723998069763184,5.899068355560303,5.8191752433776855,0.9,1000,0.2487778663635254,,,,,,
Amazon-VideoGames,19,mu,0.9986989498138428,0.721,0.279,5.724125862121582,5.9000563621521,5.8191752433776855,0.9,1000,0.2487778663635254,,,,,,
Amazon-VideoGames,20,mu,0.9987070560455322,0.723,0.277,5.724067211151123,5.899481296539307,5.8191752433776855,0.9,1000,0.2487778663635254,,,,,,
Amazon-VideoGames,21,mu,0.9987646341323853,0.727,0.273,5.72467565536499,5.901041030883789,5.8191752433776855,0.9,1000,0.2487778663635254,,,,,,
Amazon-VideoGames,22,mu,0.9987579584121704,0.723,0.277,5.724793434143066,5.897934436798096,5.8191752433776855,0.9,1000,0.2487778663635254,,,,,,
Amazon-VideoGames,23,mu,0.9988413453102112,0.722,0.278,5.724442005157471,5.904684543609619,5.8191752433776855,0.9,1000,0.2487778663635254,,,,,,
Amazon-VideoGames,24,mu,0.9988869428634644,0.724,0.276,5.724584102630615,5.908336162567139,5.8191752433776855,0.9,1000,0.2487778663635254,,,,,,
Amazon-VideoGames,25,mu,0.9988722205162048,0.727,0.273,5.724226474761963,5.902759075164795,5.8191752433776855,0.9,1000,0.2487778663635254,,,,,,
Amazon-VideoGames,26,mu,0.9988749623298645,0.723,0.277,5.7238616943359375,5.902758598327637,5.8191752433776855,0.9,1000,0.2487778663635254,,,,,,
Amazon-VideoGames,27,mu,0.9989252686500549,0.727,0.273,5.723666191101074,5.899931907653809,5.8191752433776855,0.9,1000,0.2487778663635254,,,,,,
Amazon-VideoGames,28,mu,0.9989570379257202,0.725,0.275,5.723684787750244,5.902665138244629,5.8191752433776855,0.9,1000,0.2487778663635254,,,,,,
Amazon-VideoGames,29,mu,0.9989802241325378,0.725,0.275,5.7238264083862305,5.904219150543213,5.8191752433776855,0.9,1000,0.2487778663635254,,,,,,
Amazon-VideoGames,30,mu,0.9989722967147827,0.729,0.271,5.724038124084473,5.9062418937683105,5.8191752433776855,0.9,1000,0.2487778663635254,,,,,,
Amazon-VideoGames,31,mu,0.9990014433860779,0.723,0.277,5.723901271820068,5.906708240509033,5.8191752433776855,0.9,1000,0.2487778663635254,,,,,,
Amazon-VideoGames,32,mu,0.9989583492279053,0.724,0.276,5.723618984222412,5.9079413414001465,5.8191752433776855,0.9,1000,0.2487778663635254,,,,,,
Amazon-VideoGames,33,mu,0.9990360736846924,0.727,0.273,5.7235636711120605,5.912672996520996,5.8191752433776855,0.9,1000,0.2487778663635254,,,,,,
Amazon-VideoGames,34,mu,0.9990401864051819,0.724,0.276,5.722915172576904,5.906078815460205,5.8191752433776855,0.9,1000,0.2487778663635254,,,,,,
Amazon-VideoGames,35,mu,0.9990471005439758,0.719,0.281,5.723613262176514,5.899844646453857,5.8191752433776855,0.9,1000,0.2487778663635254,,,,,,
Amazon-VideoGames,36,mu,0.9990474581718445,0.724,0.276,5.723264694213867,5.899832725524902,5.8191752433776855,0.9,1000,0.2487778663635254,,,,,,
Amazon-VideoGames,37,mu,0.99906325340271,0.725,0.275,5.723611354827881,5.902728080749512,5.8191752433776855,0.9,1000,0.2487778663635254,,,,,,
Amazon-VideoGames,38,mu,0.9990557432174683,0.726,0.274,5.723408222198486,5.902902126312256,5.8191752433776855,0.9,1000,0.2487778663635254,,,,,,
Amazon-VideoGames,39,mu,0.9990883469581604,0.722,0.278,5.723352909088135,5.902126789093018,5.8191752433776855,0.9,1000,0.2487778663635254,,,,,,
Amazon-VideoGames,40,mu,0.9990778565406799,0.72,0.28,5.7233076095581055,5.903385639190674,5.8191752433776855,0.9,1000,0.2487778663635254,,,,,,
Amazon-VideoGames,41,mu,0.9990931153297424,0.712,0.288,5.723903179168701,5.907023906707764,5.8191752433776855,0.9,1000,0.2487778663635254,,,,,,
Amazon-VideoGames,42,mu,0.9990901947021484,0.717,0.283,5.723996162414551,5.902863025665283,5.8191752433776855,0.9,1000,0.2487778663635254,,,,,,
Amazon-VideoGames,43,mu,0.9990928173065186,0.716,0.284,5.723933696746826,5.904651165008545,5.8191752433776855,0.9,1000,0.2487778663635254,,,,,,
Amazon-VideoGames,44,mu,0.9991047978401184,0.709,0.291,5.723935604095459,5.905081748962402,5.8191752433776855,0.9,1000,0.2487778663635254,,,,,,
Amazon-VideoGames,45,mu,0.9991126656532288,0.715,0.285,5.724252700805664,5.910118103027344,5.8191752433776855,0.9,1000,0.2487778663635254,,,,,,
Amazon-VideoGames,46,mu,0.9991171956062317,0.717,0.283,5.724200248718262,5.9108781814575195,5.8191752433776855,0.9,1000,0.2487778663635254,,,,,,
Amazon-VideoGames,47,mu,0.999130129814148,0.72,0.28,5.724180698394775,5.906121730804443,5.8191752433776855,0.9,1000,0.2487778663635254,,,,,,
Amazon-VideoGames,48,mu,0.9991209506988525,0.718,0.282,5.724164009094238,5.905897617340088,5.8191752433776855,0.9,1000,0.2487778663635254,,,,,,
Amazon-VideoGames,49,mu,0.9991656541824341,0.717,0.283,5.7239179611206055,5.905086040496826,5.8191752433776855,0.9,1000,0.2487778663635254,,,,,,
Amazon-VideoGames,0,penalty,0.991360604763031,0.831,0.169,5.712764739990234,5.867921352386475,5.8191752433776855,0.9,1000,0.2487778663635254,,,,,,
Amazon-VideoGames,1,penalty,0.9926140308380127,0.829,0.171,5.712510585784912,5.873036861419678,5.8191752433776855,0.9,1000,0.2487778663635254,,,,,,
Amazon-VideoGames,2,penalty,0.9939432144165039,0.823,0.177,5.711350440979004,5.874986171722412,5.8191752433776855,0.9,1000,0.2487778663635254,,,,,,
Amazon-VideoGames,3,penalty,0.9947905540466309,0.826,0.174,5.7103376388549805,5.876285552978516,5.8191752433776855,0.9,1000,0.2487778663635254,,,,,,
Amazon-VideoGames,4,penalty,0.9955028295516968,0.813,0.187,5.710058212280273,5.876410961151123,5.8191752433776855,0.9,1000,0.2487778663635254,,,,,,
Amazon-VideoGames,5,penalty,0.9960826635360718,0.815,0.185,5.70919942855835,5.875448703765869,5.8191752433776855,0.9,1000,0.2487778663635254,,,,,,
Amazon-VideoGames,6,penalty,0.9965524673461914,0.809,0.191,5.709678649902344,5.876110076904297,5.8191752433776855,0.9,1000,0.2487778663635254,,,,,,
Amazon-VideoGames,7,penalty,0.9968429207801819,0.796,0.204,5.7100324630737305,5.872447490692139,5.8191752433776855,0.9,1000,0.2487778663635254,,,,,,
Amazon-VideoGames,8,penalty,0.9972966313362122,0.794,0.206,5.709758281707764,5.87235164642334,5.8191752433776855,0.9,1000,0.2487778663635254,,,,,,
Amazon-VideoGames,9,penalty,0.997490644454956,0.786,0.214,5.71024751663208,5.874771595001221,5.8191752433776855,0.9,1000,0.2487778663635254,,,,,,
Amazon-VideoGames,10,penalty,0.997816801071167,0.793,0.207,5.710202217102051,5.878775119781494,5.8191752433776855,0.9,1000,0.2487778663635254,,,,,,
Amazon-VideoGames,11,penalty,0.9980540871620178,0.777,0.223,5.710098743438721,5.878959655761719,5.8191752433776855,0.9,1000,0.2487778663635254,,,,,,
Amazon-VideoGames,12,penalty,0.9981174468994141,0.782,0.218,5.710096836090088,5.8789591789245605,5.8191752433776855,0.9,1000,0.2487778663635254,,,,,,
Amazon-VideoGames,13,penalty,0.9982552528381348,0.786,0.214,5.709827899932861,5.880153656005859,5.8191752433776855,0.9,1000,0.2487778663635254,,,,,,
Amazon-VideoGames,14,penalty,0.9983412027359009,0.783,0.217,5.709348201751709,5.8820624351501465,5.8191752433776855,0.9,1000,0.2487778663635254,,,,,,
Amazon-VideoGames,15,penalty,0.9984139204025269,0.774,0.226,5.709693431854248,5.890617847442627,5.8191752433776855,0.9,1000,0.2487778663635254,,,,,,
Amazon-VideoGames,16,penalty,0.9984487295150757,0.777,0.223,5.709963321685791,5.878011703491211,5.8191752433776855,0.9,1000,0.2487778663635254,,,,,,
Amazon-VideoGames,17,penalty,0.9985727667808533,0.776,0.224,5.709510326385498,5.8767828941345215,5.8191752433776855,0.9,1000,0.2487778663635254,,,,,,
Amazon-VideoGames,18,penalty,0.9986227750778198,0.777,0.223,5.709782123565674,5.8810882568359375,5.8191752433776855,0.9,1000,0.2487778663635254,,,,,,
Amazon-VideoGames,19,penalty,0.9986735582351685,0.779,0.221,5.709468841552734,5.8806376457214355,5.8191752433776855,0.9,1000,0.2487778663635254,,,,,,
Amazon-VideoGames,20,penalty,0.9987279176712036,0.78,0.22,5.709347248077393,5.880403518676758,5.8191752433776855,0.9,1000,0.2487778663635254,,,,,,
Amazon-VideoGames,21,penalty,0.9987830519676208,0.783,0.217,5.70859432220459,5.877964019775391,5.8191752433776855,0.9,1000,0.2487778663635254,,,,,,
Amazon-VideoGames,22,penalty,0.9988178610801697,0.78,0.22,5.709066390991211,5.880064964294434,5.8191752433776855,0.9,1000,0.2487778663635254,,,,,,
Amazon-VideoGames,23,penalty,0.998832643032074,0.778,0.222,5.708723068237305,5.877885341644287,5.8191752433776855,0.9,1000,0.2487778663635254,,,,,,
Amazon-VideoGames,24,penalty,0.9988726377487183,0.779,0.221,5.7087202072143555,5.880638122558594,5.8191752433776855,0.9,1000,0.2487778663635254,,,,,,
Amazon-VideoGames,25,penalty,0.9988688826560974,0.775,0.225,5.709251880645752,5.88325309753418,5.8191752433776855,0.9,1000,0.2487778663635254,,,,,,
Amazon-VideoGames,26,penalty,0.9988937973976135,0.778,0.222,5.70924711227417,5.87804651260376,5.8191752433776855,0.9,1000,0.2487778663635254,,,,,,
Amazon-VideoGames,27,penalty,0.9989590048789978,0.772,0.228,5.7089738845825195,5.880947589874268,5.8191752433776855,0.9,1000,0.2487778663635254,,,,,,
Amazon-VideoGames,28,penalty,0.9989492297172546,0.769,0.231,5.709217548370361,5.882515907287598,5.8191752433776855,0.9,1000,0.2487778663635254,,,,,,
Amazon-VideoGames,29,penalty,0.9989880919456482,0.774,0.226,5.709020137786865,5.8846211433410645,5.8191752433776855,0.9,1000,0.2487778663635254,,,,,,
Amazon-VideoGames,30,penalty,0.9989659190177917,0.779,0.221,5.7086381912231445,5.889409065246582,5.8191752433776855,0.9,1000,0.2487778663635254,,,,,,
Amazon-VideoGames,31,penalty,0.9990258812904358,0.78,0.22,5.708641529083252,5.89055871963501,5.8191752433776855,0.9,1000,0.2487778663635254,,,,,,
Amazon-VideoGames,32,penalty,0.9990009665489197,0.781,0.219,5.708593845367432,5.889409065246582,5.8191752433776855,0.9,1000,0.2487778663635254,,,,,,
Amazon-VideoGames,33,penalty,0.9990255236625671,0.774,0.226,5.70884370803833,5.889124870300293,5.8191752433776855,0.9,1000,0.2487778663635254,,,,,,
Amazon-VideoGames,34,penalty,0.999008059501648,0.773,0.227,5.708275318145752,5.889869689941406,5.8191752433776855,0.9,1000,0.2487778663635254,,,,,,
Amazon-VideoGames,35,penalty,0.9990472793579102,0.77,0.23,5.708343982696533,5.889869689941406,5.8191752433776855,0.9,1000,0.2487778663635254,,,,,,
Amazon-VideoGames,36,penalty,0.9990483522415161,0.773,0.227,5.7085113525390625,5.889869689941406,5.8191752433776855,0.9,1000,0.2487778663635254,,,,,,
Amazon-VideoGames,37,penalty,0.9990717172622681,0.771,0.229,5.708564758300781,5.89098596572876,5.8191752433776855,0.9,1000,0.2487778663635254,,,,,,
Amazon-VideoGames,38,penalty,0.999076783657074,0.77,0.23,5.708471775054932,5.890429973602295,5.8191752433776855,0.9,1000,0.2487778663635254,,,,,,
Amazon-VideoGames,39,penalty,0.999038577079773,0.766,0.234,5.70794153213501,5.8896684646606445,5.8191752433776855,0.9,1000,0.2487778663635254,,,,,,
Amazon-VideoGames,40,penalty,0.9990752935409546,0.769,0.231,5.708163738250732,5.8896684646606445,5.8191752433776855,0.9,1000,0.2487778663635254,,,,,,
Amazon-VideoGames,41,penalty,0.9991020560264587,0.768,0.232,5.7080888748168945,5.890538692474365,5.8191752433776855,0.9,1000,0.2487778663635254,,,,,,
Amazon-VideoGames,42,penalty,0.9991114735603333,0.767,0.233,5.708137035369873,5.893645763397217,5.8191752433776855,0.9,1000,0.2487778663635254,,,,,,
Amazon-VideoGames,43,penalty,0.9991072416305542,0.766,0.234,5.708111763000488,5.892673492431641,5.8191752433776855,0.9,1000,0.2487778663635254,,,,,,
Amazon-VideoGames,44,penalty,0.9990991353988647,0.771,0.229,5.707790374755859,5.892645359039307,5.8191752433776855,0.9,1000,0.2487778663635254,,,,,,
Amazon-VideoGames,45,penalty,0.9990972876548767,0.776,0.224,5.707832336425781,5.891929626464844,5.8191752433776855,0.9,1000,0.2487778663635254,,,,,,
Amazon-VideoGames,46,penalty,0.999121904373169,0.767,0.233,5.70747184753418,5.892053604125977,5.8191752433776855,0.9,1000,0.2487778663635254,,,,,,
Amazon-VideoGames,47,penalty,0.9991019368171692,0.771,0.229,5.707360744476318,5.895122051239014,5.8191752433776855,0.9,1000,0.2487778663635254,,,,,,
Amazon-VideoGames,48,penalty,0.9991471171379089,0.772,0.228,5.707348823547363,5.893021583557129,5.8191752433776855,0.9,1000,0.2487778663635254,,,,,,
Amazon-VideoGames,49,penalty,0.9991234540939331,0.766,0.234,5.707591533660889,5.896691799163818,5.8191752433776855,0.9,1000,0.2487778663635254,,,,,,
Amazon-VideoGames,0,hard,0.9911381602287292,1.0,0.0,5.710319995880127,5.81525993347168,5.8191752433776855,0.9,1000,0.2487778663635254,,,,,,0.0
Amazon-VideoGames,1,hard,0.9925169944763184,1.0,0.0,5.710382461547852,5.8154401779174805,5.8191752433776855,0.9,1000,0.2487778663635254,,,,,,0.0
Amazon-VideoGames,2,hard,0.993748664855957,1.0,0.0,5.70905876159668,5.815497398376465,5.8191752433776855,0.9,1000,0.2487778663635254,,,,,,0.0
Amazon-VideoGames,3,hard,0.9946234226226807,1.0,0.0,5.707350254058838,5.816266059875488,5.8191752433776855,0.9,1000,0.2487778663635254,,,,,,0.0
Amazon-VideoGames,4,hard,0.995394766330719,1.0,0.0,5.706554889678955,5.81627082824707,5.8191752433776855,0.9,1000,0.2487778663635254,,,,,,0.0
Amazon-VideoGames,5,hard,0.9959564208984375,1.0,0.0,5.707132339477539,5.815909385681152,5.8191752433776855,0.9,1000,0.2487778663635254,,,,,,0.0
Amazon-VideoGames,6,hard,0.996424674987793,1.0,0.0,5.70720911026001,5.816790580749512,5.8191752433776855,0.9,1000,0.2487778663635254,,,,,,0.0
Amazon-VideoGames,7,hard,0.9968858957290649,1.0,0.0,5.706829071044922,5.816563129425049,5.8191752433776855,0.9,1000,0.2487778663635254,,,,,,0.0
Amazon-VideoGames,8,hard,0.9971349835395813,1.0,0.0,5.70719051361084,5.816905498504639,5.8191752433776855,0.9,1000,0.2487778663635254,,,,,,0.0
Amazon-VideoGames,9,hard,0.9974673986434937,1.0,0.0,5.706976413726807,5.816566467285156,5.8191752433776855,0.9,1000,0.2487778663635254,,,,,,0.0
Amazon-VideoGames,10,hard,0.9975578188896179,1.0,0.0,5.706363201141357,5.816662311553955,5.8191752433776855,0.9,1000,0.2487778663635254,,,,,,0.0
Amazon-VideoGames,11,hard,0.9978206753730774,1.0,0.0,5.706036567687988,5.8164896965026855,5.8191752433776855,0.9,1000,0.2487778663635254,,,,,,0.0
Amazon-VideoGames,12,hard,0.9980111122131348,1.0,0.0,5.705249786376953,5.816006660461426,5.8191752433776855,0.9,1000,0.2487778663635254,,,,,,0.0
Amazon-VideoGames,13,hard,0.998124361038208,1.0,0.0,5.705087184906006,5.816751956939697,5.8191752433776855,0.9,1000,0.2487778663635254,,,,,,0.0
Amazon-VideoGames,14,hard,0.9982908964157104,1.0,0.0,5.704243183135986,5.816431522369385,5.8191752433776855,0.9,1000,0.2487778663635254,,,,,,0.0
Amazon-VideoGames,15,hard,0.9983956217765808,1.0,0.0,5.704174995422363,5.816178321838379,5.8191752433776855,0.9,1000,0.2487778663635254,,,,,,0.0
Amazon-VideoGames,16,hard,0.9984400868415833,1.0,0.0,5.70414400100708,5.815936088562012,5.8191752433776855,0.9,1000,0.2487778663635254,,,,,,0.0
Amazon-VideoGames,17,hard,0.9985319972038269,1.0,0.0,5.703290939331055,5.815261363983154,5.8191752433776855,0.9,1000,0.2487778663635254,,,,,,0.0
Amazon-VideoGames,18,hard,0.9985514879226685,1.0,0.0,5.703392505645752,5.815274715423584,5.8191752433776855,0.9,1000,0.2487778663635254,,,,,,0.0
Amazon-VideoGames,19,hard,0.9986109733581543,1.0,0.0,5.703617572784424,5.815829277038574,5.8191752433776855,0.9,1000,0.2487778663635254,,,,,,0.0
Amazon-VideoGames,20,hard,0.9986668825149536,1.0,0.0,5.703344821929932,5.815261363983154,5.8191752433776855,0.9,1000,0.2487778663635254,,,,,,0.0
Amazon-VideoGames,21,hard,0.9987418055534363,1.0,0.0,5.7031707763671875,5.815390110015869,5.8191752433776855,0.9,1000,0.2487778663635254,,,,,,0.0
Amazon-VideoGames,22,hard,0.9987078905105591,1.0,0.0,5.703535079956055,5.815835475921631,5.8191752433776855,0.9,1000,0.2487778663635254,,,,,,0.0
Amazon-VideoGames,23,hard,0.9987287521362305,1.0,0.0,5.702943325042725,5.816126346588135,5.8191752433776855,0.9,1000,0.2487778663635254,,,,,,0.0
Amazon-VideoGames,24,hard,0.9988182783126831,1.0,0.0,5.702533721923828,5.8162970542907715,5.8191752433776855,0.9,1000,0.2487778663635254,,,,,,0.0
Amazon-VideoGames,25,hard,0.9988816380500793,1.0,0.0,5.702497482299805,5.816296577453613,5.8191752433776855,0.9,1000,0.2487778663635254,,,,,,0.0
Amazon-VideoGames,26,hard,0.9988453984260559,1.0,0.0,5.702679634094238,5.816357135772705,5.8191752433776855,0.9,1000,0.2487778663635254,,,,,,0.0
Amazon-VideoGames,27,hard,0.9988616704940796,1.0,0.0,5.702548980712891,5.8162617683410645,5.8191752433776855,0.9,1000,0.2487778663635254,,,,,,0.0
Amazon-VideoGames,28,hard,0.9989383816719055,1.0,0.0,5.702335357666016,5.816296577453613,5.8191752433776855,0.9,1000,0.2487778663635254,,,,,,0.0
Amazon-VideoGames,29,hard,0.9989058971405029,1.0,0.0,5.701954364776611,5.815735340118408,5.8191752433776855,0.9,1000,0.2487778663635254,,,,,,0.0
Amazon-VideoGames,30,hard,0.998968243598938,1.0,0.0,5.701888561248779,5.815701961517334,5.8191752433776855,0.9,1000,0.2487778663635254,,,,,,0.0
Amazon-VideoGames,31,hard,0.9989795088768005,1.0,0.0,5.701986312866211,5.815701961517334,5.8191752433776855,0.9,1000,0.2487778663635254,,,,,,0.0
Amazon-VideoGames,32,hard,0.9989656805992126,1.0,0.0,5.702507972717285,5.81527042388916,5.8191752433776855,0.9,1000,0.2487778663635254,,,,,,0.0
Amazon-VideoGames,33,hard,0.99901282787323,1.0,0.0,5.702622413635254,5.8158063888549805,5.8191752433776855,0.9,1000,0.2487778663635254,,,,,,0.0
Amazon-VideoGames,34,hard,0.9990214109420776,1.0,0.0,5.702385902404785,5.816331386566162,5.8191752433776855,0.9,1000,0.2487778663635254,,,,,,0.0
Amazon-VideoGames,35,hard,0.9990467429161072,1.0,0.0,5.702132701873779,5.815779685974121,5.8191752433776855,0.9,1000,0.2487778663635254,,,,,,0.0
Amazon-VideoGames,36,hard,0.9990261197090149,1.0,0.0,5.702304363250732,5.815260887145996,5.8191752433776855,0.9,1000,0.2487778663635254,,,,,,0.0
Amazon-VideoGames,37,hard,0.9990271925926208,1.0,0.0,5.701989650726318,5.815715312957764,5.8191752433776855,0.9,1000,0.2487778663635254,,,,,,0.0
Amazon-VideoGames,38,hard,0.9990658164024353,1.0,0.0,5.701692581176758,5.815262317657471,5.8191752433776855,0.9,1000,0.2487778663635254,,,,,,0.0
Amazon-VideoGames,39,hard,0.999040424823761,1.0,0.0,5.701862812042236,5.815261363983154,5.8191752433776855,0.9,1000,0.2487778663635254,,,,,,0.0
Amazon-VideoGames,40,hard,0.9990827441215515,1.0,0.0,5.70164155960083,5.815261363983154,5.8191752433776855,0.9,1000,0.2487778663635254,,,,,,0.0
Amazon-VideoGames,41,hard,0.9990954995155334,1.0,0.0,5.7013936042785645,5.815260887145996,5.8191752433776855,0.9,1000,0.2487778663635254,,,,,,0.0
Amazon-VideoGames,42,hard,0.9990731477737427,1.0,0.0,5.7009501457214355,5.815720081329346,5.8191752433776855,0.9,1000,0.2487778663635254,,,,,,0.0
Amazon-VideoGames,43,hard,0.9990721940994263,1.0,0.0,5.700718879699707,5.81551456451416,5.8191752433776855,0.9,1000,0.2487778663635254,,,,,,0.0
Amazon-VideoGames,44,hard,0.999114453792572,1.0,0.0,5.700838088989258,5.815808296203613,5.8191752433776855,0.9,1000,0.2487778663635254,,,,,,0.0
Amazon-VideoGames,45,hard,0.9991134405136108,1.0,0.0,5.700653553009033,5.815731525421143,5.8191752433776855,0.9,1000,0.2487778663635254,,,,,,0.0
Amazon-VideoGames,46,hard,0.9990766048431396,1.0,0.0,5.700332164764404,5.816154479980469,5.8191752433776855,0.9,1000,0.2487778663635254,,,,,,0.0
Amazon-VideoGames,47,hard,0.99912428855896,1.0,0.0,5.700442314147949,5.816413879394531,5.8191752433776855,0.9,1000,0.2487778663635254,,,,,,0.0
Amazon-VideoGames,48,hard,0.9991170167922974,1.0,0.0,5.700258731842041,5.816346168518066,5.8191752433776855,0.9,1000,0.2487778663635254,,,,,,0.0
Amazon-VideoGames,49,hard,0.999113917350769,1.0,0.0,5.700023651123047,5.816041946411133,5.8191752433776855,0.9,1000,0.2487778663635254,,,,,,0.0
Amazon-VideoGames,0,quota,0.9914627075195312,0.901,0.099,5.719912052154541,5.868223667144775,5.8191752433776855,0.9,1000,0.2487778663635254,20.0,0.9913586378097534,-0.00010406970977783203,0.0,200.0,
Amazon-VideoGames,1,quota,0.9926360845565796,0.901,0.099,5.720900058746338,5.871518135070801,5.8191752433776855,0.9,1000,0.2487778663635254,20.0,0.9928202033042908,0.00018411874771118164,0.0,201.0,
Amazon-VideoGames,2,quota,0.9937257766723633,0.902,0.098,5.720668792724609,5.877696514129639,5.8191752433776855,0.9,1000,0.2487778663635254,20.0,0.9937527179718018,2.6941299438476562e-05,1.0,207.0,
Amazon-VideoGames,3,quota,0.9947174191474915,0.902,0.098,5.7207794189453125,5.877416610717773,5.8191752433776855,0.9,1000,0.2487778663635254,20.0,0.9947259426116943,8.52346420288086e-06,1.0,214.0,
Amazon-VideoGames,4,quota,0.9954671859741211,0.901,0.099,5.720351696014404,5.872374057769775,5.8191752433776855,0.9,1000,0.2487778663635254,20.0,0.9955074191093445,4.023313522338867e-05,0.0,216.0,
Amazon-VideoGames,5,quota,0.9961277842521667,0.902,0.098,5.721376895904541,5.875305652618408,5.8191752433776855,0.9,1000,0.2487778663635254,20.0,0.9961038827896118,-2.390146255493164e-05,1.0,211.0,
Amazon-VideoGames,6,quota,0.9964800477027893,0.902,0.098,5.7208123207092285,5.878304958343506,5.8191752433776855,0.9,1000,0.2487778663635254,20.0,0.9965543746948242,7.432699203491211e-05,1.0,217.0,
Amazon-VideoGames,7,quota,0.9970196485519409,0.901,0.099,5.721211910247803,5.874974250793457,5.8191752433776855,0.9,1000,0.2487778663635254,20.0,0.9969253540039062,-9.429454803466797e-05,0.0,223.0,
Amazon-VideoGames,8,quota,0.997362494468689,0.902,0.098,5.7216033935546875,5.877768039703369,5.8191752433776855,0.9,1000,0.2487778663635254,20.0,0.9973753690719604,1.2874603271484375e-05,1.0,212.0,
Amazon-VideoGames,9,quota,0.997556209564209,0.901,0.099,5.720543384552002,5.872422218322754,5.8191752433776855,0.9,1000,0.2487778663635254,20.0,0.9975401163101196,-1.609325408935547e-05,0.0,214.0,
Amazon-VideoGames,10,quota,0.9977726340293884,0.901,0.099,5.7206292152404785,5.878327369689941,5.8191752433776855,0.9,1000,0.2487778663635254,20.0,0.9977239370346069,-4.869699478149414e-05,0.0,218.0,
Amazon-VideoGames,11,quota,0.9979614615440369,0.902,0.098,5.720762729644775,5.877776145935059,5.8191752433776855,0.9,1000,0.2487778663635254,20.0,0.9979177117347717,-4.374980926513672e-05,1.0,222.0,
Amazon-VideoGames,12,quota,0.9980825185775757,0.901,0.099,5.720017433166504,5.874663829803467,5.8191752433776855,0.9,1000,0.2487778663635254,20.0,0.9980828762054443,3.5762786865234375e-07,0.0,215.0,
Amazon-VideoGames,13,quota,0.9982585310935974,0.903,0.097,5.719666957855225,5.879602909088135,5.8191752433776855,0.9,1000,0.2487778663635254,20.0,0.9982033967971802,-5.513429641723633e-05,2.0,224.0,
Amazon-VideoGames,14,quota,0.9983055591583252,0.901,0.099,5.719276428222656,5.880685329437256,5.8191752433776855,0.9,1000,0.2487778663635254,20.0,0.9982955455780029,-1.0013580322265625e-05,0.0,221.0,
Amazon-VideoGames,15,quota,0.9983951449394226,0.901,0.099,5.719351291656494,5.875889778137207,5.8191752433776855,0.9,1000,0.2487778663635254,20.0,0.998449444770813,5.429983139038086e-05,0.0,220.0,
Amazon-VideoGames,16,quota,0.998534083366394,0.902,0.098,5.719315528869629,5.878724575042725,5.8191752433776855,0.9,1000,0.2487778663635254,20.0,0.998551607131958,1.7523765563964844e-05,1.0,217.0,
Amazon-VideoGames,17,quota,0.9985154271125793,0.901,0.099,5.718927383422852,5.881287574768066,5.8191752433776855,0.9,1000,0.2487778663635254,20.0,0.9985688924789429,5.346536636352539e-05,0.0,221.0,
Amazon-VideoGames,18,quota,0.9986445903778076,0.901,0.099,5.718857288360596,5.876509189605713,5.8191752433776855,0.9,1000,0.2487778663635254,20.0,0.9986298084259033,-1.4781951904296875e-05,0.0,220.0,
Amazon-VideoGames,19,quota,0.9987281560897827,0.901,0.099,5.719033241271973,5.881165027618408,5.8191752433776855,0.9,1000,0.2487778663635254,20.0,0.9986048340797424,-0.0001233220100402832,0.0,221.0,
Amazon-VideoGames,20,quota,0.9987625479698181,0.901,0.099,5.718360424041748,5.867092132568359,5.8191752433776855,0.9,1000,0.2487778663635254,20.0,0.9987776279449463,1.5079975128173828e-05,0.0,213.0,
Amazon-VideoGames,21,quota,0.9987839460372925,0.901,0.099,5.718301773071289,5.884973526000977,5.8191752433776855,0.9,1000,0.2487778663635254,20.0,0.9987689256668091,-1.5020370483398438e-05,0.0,214.0,
Amazon-VideoGames,22,quota,0.9988285899162292,0.901,0.099,5.718049049377441,5.876632213592529,5.8191752433776855,0.9,1000,0.2487778663635254,20.0,0.99884432554245,1.5735626220703125e-05,0.0,212.0,
Amazon-VideoGames,23,quota,0.9988712072372437,0.901,0.099,5.718183517456055,5.883282661437988,5.8191752433776855,0.9,1000,0.2487778663635254,20.0,0.9988183379173279,-5.2869319915771484e-05,0.0,214.0,
Amazon-VideoGames,24,quota,0.9988482594490051,0.901,0.099,5.718240261077881,5.882270336151123,5.8191752433776855,0.9,1000,0.2487778663635254,20.0,0.998874306678772,2.6047229766845703e-05,0.0,216.0,
Amazon-VideoGames,25,quota,0.9989084005355835,0.901,0.099,5.717634677886963,5.871917247772217,5.8191752433776855,0.9,1000,0.2487778663635254,20.0,0.9988870620727539,-2.1338462829589844e-05,0.0,212.0,
Amazon-VideoGames,26,quota,0.9989088773727417,0.901,0.099,5.717563629150391,5.877110004425049,5.8191752433776855,0.9,1000,0.2487778663635254,20.0,0.9989151358604431,6.258487701416016e-06,0.0,208.0,
Amazon-VideoGames,27,quota,0.9989449381828308,0.901,0.099,5.7172441482543945,5.87716007232666,5.8191752433776855,0.9,1000,0.2487778663635254,20.0,0.998946487903595,1.5497207641601562e-06,0.0,213.0,
Amazon-VideoGames,28,quota,0.9989663362503052,0.901,0.099,5.716814041137695,5.877135753631592,5.8191752433776855,0.9,1000,0.2487778663635254,20.0,0.9989767074584961,1.0371208190917969e-05,0.0,214.0,
Amazon-VideoGames,29,quota,0.9989829063415527,0.901,0.099,5.716824531555176,5.874251842498779,5.8191752433776855,0.9,1000,0.2487778663635254,20.0,0.9989784955978394,-4.410743713378906e-06,0.0,211.0,
Amazon-VideoGames,30,quota,0.9989551901817322,0.901,0.099,5.716228008270264,5.868649482727051,5.8191752433776855,0.9,1000,0.2487778663635254,20.0,0.9990225434303284,6.73532485961914e-05,0.0,211.0,
Amazon-VideoGames,31,quota,0.9990056157112122,0.902,0.098,5.716175079345703,5.871740818023682,5.8191752433776855,0.9,1000,0.2487778663635254,20.0,0.9989942908287048,-1.1324882507324219e-05,1.0,210.0,
Amazon-VideoGames,32,quota,0.9990596771240234,0.901,0.099,5.716121673583984,5.876619815826416,5.8191752433776855,0.9,1000,0.2487778663635254,20.0,0.9990231990814209,-3.647804260253906e-05,0.0,214.0,
Amazon-VideoGames,33,quota,0.9990575909614563,0.902,0.098,5.716368675231934,5.878693103790283,5.8191752433776855,0.9,1000,0.2487778663635254,20.0,0.9990195035934448,-3.808736801147461e-05,1.0,209.0,
Amazon-VideoGames,34,quota,0.9990504384040833,0.903,0.097,5.716169357299805,5.880064964294434,5.8191752433776855,0.9,1000,0.2487778663635254,20.0,0.9990695714950562,1.913309097290039e-05,2.0,210.0,
Amazon-VideoGames,35,quota,0.9990735054016113,0.901,0.099,5.716259002685547,5.880109786987305,5.8191752433776855,0.9,1000,0.2487778663635254,20.0,0.9990416169166565,-3.1888484954833984e-05,0.0,205.0,
Amazon-VideoGames,36,quota,0.9990596175193787,0.902,0.098,5.71610164642334,5.874368667602539,5.8191752433776855,0.9,1000,0.2487778663635254,20.0,0.9990471005439758,-1.2516975402832031e-05,1.0,197.0,
Amazon-VideoGames,37,quota,0.9990910887718201,0.901,0.099,5.716005802154541,5.880670547485352,5.8191752433776855,0.9,1000,0.2487778663635254,20.0,0.9990746974945068,-1.6391277313232422e-05,0.0,195.0,
Amazon-VideoGames,38,quota,0.9990739822387695,0.901,0.099,5.716165065765381,5.876833915710449,5.8191752433776855,0.9,1000,0.2487778663635254,20.0,0.999083936214447,9.953975677490234e-06,0.0,198.0,
Amazon-VideoGames,39,quota,0.9990993142127991,0.901,0.099,5.7159318923950195,5.874368667602539,5.8191752433776855,0.9,1000,0.2487778663635254,20.0,0.9990696907043457,-2.962350845336914e-05,0.0,203.0,
Amazon-VideoGames,40,quota,0.9990992546081543,0.902,0.098,5.716457366943359,5.880529403686523,5.8191752433776855,0.9,1000,0.2487778663635254,20.0,0.9990860223770142,-1.3232231140136719e-05,1.0,198.0,
Amazon-VideoGames,41,quota,0.9991157054901123,0.902,0.098,5.715856552124023,5.880529403686523,5.8191752433776855,0.9,1000,0.2487778663635254,20.0,0.9990968108177185,-1.8894672393798828e-05,1.0,192.0,
Amazon-VideoGames,42,quota,0.9990904331207275,0.901,0.099,5.716232776641846,5.882073402404785,5.8191752433776855,0.9,1000,0.2487778663635254,20.0,0.9991224408149719,3.2007694244384766e-05,0.0,187.0,
Amazon-VideoGames,43,quota,0.9991204142570496,0.901,0.099,5.7158589363098145,5.882113456726074,5.8191752433776855,0.9,1000,0.2487778663635254,20.0,0.9991055727005005,-1.4841556549072266e-05,0.0,189.0,
Amazon-VideoGames,44,quota,0.9990867972373962,0.901,0.099,5.716031551361084,5.878624439239502,5.8191752433776855,0.9,1000,0.2487778663635254,20.0,0.9991233348846436,3.653764724731445e-05,0.0,188.0,
Amazon-VideoGames,45,quota,0.999155580997467,0.901,0.099,5.715296745300293,5.874561786651611,5.8191752433776855,0.9,1000,0.2487778663635254,20.0,0.9991254210472107,-3.0159950256347656e-05,0.0,193.0,
Amazon-VideoGames,46,quota,0.9991371631622314,0.901,0.099,5.715631008148193,5.88088846206665,5.8191752433776855,0.9,1000,0.2487778663635254,20.0,0.9991492033004761,1.2040138244628906e-05,0.0,184.0,
Amazon-VideoGames,47,quota,0.9991298317909241,0.901,0.099,5.715649604797363,5.881601810455322,5.8191752433776855,0.9,1000,0.2487778663635254,20.0,0.9991531372070312,2.3305416107177734e-05,0.0,182.0,
Amazon-VideoGames,48,quota,0.9991393089294434,0.902,0.098,5.715573310852051,5.878475666046143,5.8191752433776855,0.9,1000,0.2487778663635254,20.0,0.9991047382354736,-3.457069396972656e-05,1.0,190.0,
Amazon-VideoGames,49,quota,0.9991592168807983,0.901,0.099,5.715339660644531,5.8791046142578125,5.8191752433776855,0.9,1000,0.2487778663635254,20.0,0.9991497993469238,-9.417533874511719e-06,0.0,190.0,
