exceed,du,density,miss_if_violate,weighted_bad_if_violate,ndcg_if_violate,exceed_bin,density_bin
0.11434308290481554,0.00010204315185546875,0.000892429601014118,1.0,0.11434308290481554,0.0,1,0
0.9943002820014952,0.516057014465332,0.5190152550560737,1.0,0.9943002820014952,0.0,4,2
0.3269654870033263,0.07505989074707031,0.22956517960045952,0.0,0.0,0.3333333333333333,3,1
0.22654680013656603,0.15188217163085938,0.6704229392748093,1.0,0.22654680013656603,0.0,2,3
0.01664570569992052,0.01512908935546875,0.9088884321402478,1.0,0.01664570569992052,0.0,0,3
0.17297486066818224,0.05547046661376953,0.32068513539767235,1.0,0.17297486066818224,0.0,2,1
0.29849842786788927,0.09495735168457031,0.31811675646947446,1.0,0.29849842786788927,0.0,3,1
0.4915867209434508,0.6808490753173828,1.3850029838289786,1.0,0.4915867209434508,0.0,4,4
0.023679828643798695,0.051967620849609375,2.1945944639772015,1.0,0.023679828643798695,0.0,0,4
0.13939527273178087,0.1022939682006836,0.7338410133714778,1.0,0.13939527273178087,0.0,2,3
0.3483754754066466,0.2356281280517578,0.6763625590369623,1.0,0.3483754754066466,0.0,3,3
0.06497315168380724,0.047148704528808594,0.7256644214868694,1.0,0.06497315168380724,0.0,1,3
0.11237994432449327,0.00555419921875,0.04942340247751359,1.0,0.11237994432449327,0.0,1,0
0.7465726494789122,0.8624353408813477,1.1551927886499787,0.0,0.0,0.3010299956639812,4,4
0.8561820149421691,0.13998794555664062,0.16350255332809827,1.0,0.8561820149421691,0.0,4,0
0.2813830733299254,0.028726577758789062,0.10209063899556875,1.0,0.2813830733299254,0.0,3,0
0.37143043279647814,0.20621013641357422,0.5551783542910851,1.0,0.37143043279647814,0.0,3,2
0.18462601900100695,0.16736507415771484,0.9065086008099543,1.0,0.18462601900100695,0.0,2,3
0.10195974111556994,0.012736320495605469,0.12491519060615335,1.0,0.10195974111556994,0.0,1,0
0.014561629295348988,0.007119178771972656,0.48889987703824705,1.0,0.014561629295348988,0.0,0,2
0.2386638283729552,0.3236856460571289,1.3562409027953404,1.0,0.2386638283729552,0.0,3,4
0.27436271905899035,0.08501243591308594,0.30985418210120425,1.0,0.27436271905899035,0.0,3,1
0.08851388692855822,0.02892160415649414,0.32674651583019393,1.0,0.08851388692855822,0.0,1,1
0.19719556570053087,0.07952690124511719,0.4032895007684399,1.0,0.19719556570053087,0.0,2,1
0.3931951880455016,0.15896224975585938,0.4042833040404957,1.0,0.3931951880455016,0.0,3,1
0.19126120805740343,0.03493213653564453,0.1826409907709059,1.0,0.19126120805740343,0.0,2,0
0.08313325643539415,0.07383012771606445,0.8880937771689541,1.0,0.08313325643539415,0.0,1,3
0.2587504744529723,0.02517223358154297,0.09728381613506183,1.0,0.2587504744529723,0.0,3,0
0.8318580746650694,0.8581018447875977,1.0315483745626857,1.0,0.8318580746650694,0.0,4,4
0.05903009176254259,0.0853738784790039,1.446277244874244,1.0,0.05903009176254259,0.0,0,4
0.07070127725601183,0.022186279296875,0.313803090381772,1.0,0.07070127725601183,0.0,1,1
0.022405362129211293,0.005139350891113281,0.22938039838297383,1.0,0.022405362129211293,0.0,0,1
0.03937760591506945,0.01456451416015625,0.36986794452586425,1.0,0.03937760591506945,0.0,0,1
0.7546869874000548,0.7555599212646484,1.001156683339143,1.0,0.7546869874000548,0.0,4,4
0.14609304666519152,0.1065988540649414,0.7296641181646321,1.0,0.14609304666519152,0.0,2,3
0.2371631026268004,0.04766082763671875,0.20096223699568383,1.0,0.2371631026268004,0.0,3,0
0.2160231232643126,0.17537975311279297,0.8118563904763523,1.0,0.2160231232643126,0.0,2,3
0.0364904165267943,0.006834983825683594,0.1873090108649426,1.0,0.0364904165267943,0.0,0,0
0.06956616640090929,0.019289016723632812,0.27727583280168633,1.0,0.06956616640090929,0.0,1,1
0.2832744479179381,0.0907440185546875,0.3203395831203779,1.0,0.2832744479179381,0.0,3,1
0.19687453508377062,0.0889291763305664,0.45170481948174157,1.0,0.19687453508377062,0.0,2,2
0.2747816205024718,0.041037559509277344,0.1493460859362979,1.0,0.2747816205024718,0.0,3,0
0.23045591115951525,0.15946197509765625,0.6919413535341302,1.0,0.23045591115951525,0.0,2,3
0.04642645120620714,0.026261329650878906,0.5656544699967895,0.0,0.0,0.3333333333333333,0,2
0.39908567667007433,0.1566934585571289,0.39263112588896043,1.0,0.39908567667007433,0.0,3,1
0.3036942839622496,0.13851642608642578,0.45610481790840657,1.0,0.3036942839622496,0.0,3,2
0.004091060161590443,0.0045299530029296875,1.1072809550589988,1.0,0.004091060161590443,0.0,0,4
0.24317566156387316,0.02212810516357422,0.09099638105749326,1.0,0.24317566156387316,0.0,3,0
0.2110526919364928,0.043053627014160156,0.2039946831245123,1.0,0.2110526919364928,0.0,2,0
0.38094869852066027,0.1792755126953125,0.4706027698519351,1.0,0.38094869852066027,0.0,3,2
0.11039153337478624,0.045828819274902344,0.41514795450218633,1.0,0.11039153337478624,0.0,1,1
0.04685894250869738,0.058071136474609375,1.2392754374222366,1.0,0.04685894250869738,0.0,0,4
0.0587798714637755,0.05743217468261719,0.9770721380023966,1.0,0.0587798714637755,0.0,0,4
0.10429373979568468,0.03885459899902344,0.37254967628106006,0.0,0.0,0.3010299956639812,1,1
0.020246839523315296,0.02826404571533203,1.3959732175870956,1.0,0.020246839523315296,0.0,0,4
0.03878573179244982,0.011671066284179688,0.30091133375113016,1.0,0.03878573179244982,0.0,0,1
0.2919609904289244,0.19512176513671875,0.6683145061607797,1.0,0.2919609904289244,0.0,3,3
0.27058843374252306,0.14356613159179688,0.5305700971993742,1.0,0.27058843374252306,0.0,3,2
0.2566495299339293,0.11062812805175781,0.43104746024758905,1.0,0.2566495299339293,0.0,3,2
0.19334510564804064,0.00766754150390625,0.039657282651178155,1.0,0.19334510564804064,0.0,2,0
0.024154520034789906,0.03799152374267578,1.5728535979169262,1.0,0.024154520034789906,0.0,0,4
0.04284027814865099,0.029825210571289062,0.6961955398094967,1.0,0.04284027814865099,0.0,0,3
0.2310682892799376,0.06965827941894531,0.30146187361327975,1.0,0.2310682892799376,0.0,3,1
0.29245141744613634,0.11707592010498047,0.400326047749601,1.0,0.29245141744613634,0.0,3,1
0.028384423255920277,0.019006729125976562,0.6696182957324045,1.0,0.028384423255920277,0.0,0,3
0.19855359792709337,0.0752401351928711,0.3789411825239169,1.0,0.19855359792709337,0.0,2,1
0.06636945009231554,0.00733184814453125,0.11047022589961393,1.0,0.06636945009231554,0.0,1,0
0.9637537360191344,1.2503700256347656,1.2973957753974825,1.0,0.9637537360191344,0.0,4,4
0.016424036026000843,0.010693550109863281,0.6510914913322373,1.0,0.016424036026000843,0.0,0,3
0.5665361046791075,0.18318843841552734,0.323348215413892,1.0,0.5665361046791075,0.0,4,1
0.018407022953033314,0.0836944580078125,4.546876386331685,1.0,0.018407022953033314,0.0,0,4
0.03141567707061754,0.003040313720703125,0.09677695991937318,1.0,0.03141567707061754,0.0,0,0
0.43577042818069445,0.28452110290527344,0.6529151234358089,1.0,0.43577042818069445,0.0,4,3
0.2259471774101256,0.2311687469482422,1.0231096913799402,1.0,0.2259471774101256,0.0,2,4
0.3326179146766661,0.2280559539794922,0.6856394196361391,1.0,0.3326179146766661,0.0,3,3
0.10549799203872667,0.046502113342285156,0.4407867149283273,1.0,0.10549799203872667,0.0,1,2
0.34405544996261583,0.22671127319335938,0.6589381834177985,1.0,0.34405544996261583,0.0,3,3
0.09948292970657335,0.3398456573486328,3.4161203168323806,1.0,0.09948292970657335,0.0,1,4
0.11964968442916857,0.030533790588378906,0.255193239614891,1.0,0.11964968442916857,0.0,1,1
0.42766383886337267,0.07722091674804688,0.1805645222501894,1.0,0.42766383886337267,0.0,4,0
0.2844932436943053,0.20895957946777344,0.7344975112741358,1.0,0.2844932436943053,0.0,3,3
0.14736262559890734,0.03224468231201172,0.21881180646017756,1.0,0.14736262559890734,0.0,2,1
0.37710181474685656,0.2925148010253906,0.7756918412650756,1.0,0.37710181474685656,0.0,3,3
0.052907383441924916,0.05730438232421875,1.0831074718922795,1.0,0.052907383441924916,0.0,0,4
0.06189898252487169,0.09464550018310547,1.5290315982993075,1.0,0.06189898252487169,0.0,1,4
0.323341405391693,0.2993030548095703,0.9256564418250028,1.0,0.323341405391693,0.0,3,3
0.34515980482101427,0.2779712677001953,0.8053407836533568,1.0,0.34515980482101427,0.0,3,3
0.2560649275779723,0.11947059631347656,0.4665636854039588,1.0,0.2560649275779723,0.0,3,2
0.13307038545608507,0.01811695098876953,0.13614562644179276,1.0,0.13307038545608507,0.0,1,0
0.009083783626556263,0.027213573455810547,2.9958412237222602,1.0,0.009083783626556263,0.0,0,4
0.7860345005989073,0.3901548385620117,0.4963584146303235,1.0,0.7860345005989073,0.0,4,2
0.039255297183990345,0.005154609680175781,0.13130991356442992,1.0,0.039255297183990345,0.0,0,0
0.23802844285964952,0.04195404052734375,0.17625641718826612,1.0,0.23802844285964952,0.0,3,0
0.1094702839851378,0.05568122863769531,0.5086424060547322,1.0,0.1094702839851378,0.0,1,2
0.06496134996414171,0.0004425048828125,0.006811817843329304,0.0,0.0,0.3333333333333333,1,0
0.5429544806480406,0.8846759796142578,1.6293741209361734,1.0,0.5429544806480406,0.0,4,4
0.11721245050430285,0.07583808898925781,0.64701393634351,1.0,0.11721245050430285,0.0,1,3
0.404620325565338,0.6125621795654297,1.5139184585192405,1.0,0.404620325565338,0.0,3,4
0.2328000426292418,0.18786334991455078,0.8069730047848085,0.0,0.0,0.6309297535714575,3,3
0.19898573160171495,0.062465667724609375,0.3139203360049913,1.0,0.19898573160171495,0.0,2,1
0.1970707535743712,0.015735626220703125,0.07984759755213887,1.0,0.1970707535743712,0.0,2,0
0.6519962906837462,0.28662919998168945,0.43961783844061814,1.0,0.6519962906837462,0.0,4,2
0.011931872367858753,0.0008258819580078125,0.0692164592903722,0.0,0.0,0.3562071871080222,0,0
0.16158810853958117,0.3069171905517578,1.8993798078685855,1.0,0.16158810853958117,0.0,2,4
0.11486855745315538,0.047316551208496094,0.41191908610667705,1.0,0.11486855745315538,0.0,1,1
0.09185413122177111,0.030465126037597656,0.3316685448152915,1.0,0.09185413122177111,0.0,1,1
0.3275288701057433,0.14147281646728516,0.43193998874545136,1.0,0.3275288701057433,0.0,3,2
0.06552890539169298,0.009131431579589844,0.139349673628875,1.0,0.06552890539169298,0.0,1,0
0.6499023795127867,0.28072071075439453,0.43194288804549824,1.0,0.6499023795127867,0.0,4,2
0.004309749603271351,0.006997108459472656,1.6235533623952174,1.0,0.004309749603271351,0.0,0,4
0.025032198429107533,0.0013704299926757812,0.05474668941111621,1.0,0.025032198429107533,0.0,0,0
0.03095976114273058,0.052353858947753906,1.6910291622209983,1.0,0.03095976114273058,0.0,0,4
0.16901019811630236,0.025613784790039062,0.15155171152697686,1.0,0.16901019811630236,0.0,2,0
0.25082949399948107,0.1352529525756836,0.5392226823850444,1.0,0.25082949399948107,0.0,3,2
0.8159259915351866,0.404052734375,0.4952075783426925,1.0,0.8159259915351866,0.0,4,2
0.521055495738983,0.08482837677001953,0.16280104031857937,1.0,0.521055495738983,0.0,4,0
0.031095063686370716,0.01611471176147461,0.5182401915625551,1.0,0.031095063686370716,0.0,0,2
0.05626646280288683,0.03168201446533203,0.5630710175672629,1.0,0.05626646280288683,0.0,0,2
0.19563022851943956,0.21526432037353516,1.1003632823142389,1.0,0.19563022851943956,0.0,2,4
0.006175374984741078,0.030429840087890625,4.927610090574361,1.0,0.006175374984741078,0.0,0,4
0.3071077227592467,0.02972412109375,0.09678727980752166,1.0,0.3071077227592467,0.0,3,0
0.0018386006355284312,0.012676239013671875,6.894503770270156,1.0,0.0018386006355284312,0.0,0,4
0.24172154664993273,0.14639568328857422,0.6056377071779545,1.0,0.24172154664993273,0.0,3,2
0.4420273661613463,0.2810983657836914,0.6359297801509567,1.0,0.4420273661613463,0.0,4,2
0.07080713510513292,0.017294883728027344,0.24425340330954315,1.0,0.07080713510513292,0.0,1,1
0.0011583924293516734,0.015519142150878906,13.397137064824074,1.0,0.0011583924293516734,0.0,0,4
0.17483333349227892,0.09187889099121094,0.5255227315977965,1.0,0.17483333349227892,0.0,2,2
0.3980158925056456,0.43238353729248047,1.0863474183668367,1.0,0.3980158925056456,0.0,3,4
0.4236429095268248,0.23492145538330078,0.5545270559247392,1.0,0.4236429095268248,0.0,4,2
0.07503525018692003,0.04555702209472656,0.6071416031963595,1.0,0.07503525018692003,0.0,1,2
0.019538140296935902,0.010197639465332031,0.5219350107200986,1.0,0.019538140296935902,0.0,0,2
0.5732316136360167,0.4735879898071289,0.8261721414894639,1.0,0.5732316136360167,0.0,4,3
0.2598487496376036,0.007451057434082031,0.028674594141682806,1.0,0.2598487496376036,0.0,3,0
0.1004586577415465,0.0829305648803711,0.8255193404408155,0.0,0.0,0.6309297535714575,1,3
0.15447632074356066,0.01782512664794922,0.11539067322518592,1.0,0.15447632074356066,0.0,2,0
0.45961502790451036,0.2422046661376953,0.5269729043498894,1.0,0.45961502790451036,0.0,4,2
0.15562406778335558,0.1289520263671875,0.8286123618533204,1.0,0.15562406778335558,0.0,2,3
0.04691926240921007,0.018584251403808594,0.39609001611586664,1.0,0.04691926240921007,0.0,0,1
0.7702287793159484,0.6057901382446289,0.7865067555416978,1.0,0.7702287793159484,0.0,4,3
0.6861565470695494,0.22275257110595703,0.3246381194747656,1.0,0.6861565470695494,0.0,4,1
0.0046444296836851695,0.0038480758666992188,0.8285357145607433,1.0,0.0046444296836851695,0.0,0,3
0.07394543886184679,0.029386520385742188,0.39740815441835975,1.0,0.07394543886184679,0.0,1,1
0.08654323816299425,0.009182929992675781,0.10610800089754889,1.0,0.08654323816299425,0.0,1,0
0.5993092417716979,0.4679899215698242,0.7808822039625768,1.0,0.5993092417716979,0.0,4,3
0.05939177274703966,0.0019140243530273438,0.03222709585011919,1.0,0.05939177274703966,0.0,1,0
0.054437673091888295,0.041896820068359375,0.7696291499755962,1.0,0.054437673091888295,0.0,0,3
0.1414517521858214,0.07895469665527344,0.5581740447552234,1.0,0.1414517521858214,0.0,2,2
0.23725715875625597,0.08805656433105469,0.3711439721889227,1.0,0.23725715875625597,0.0,3,1
0.03613260984420763,0.0020036697387695312,0.055453224868303744,1.0,0.03613260984420763,0.0,0,0
0.04980913400650011,0.015578269958496094,0.3127593014659344,1.0,0.04980913400650011,0.0,0,1
0.1323044657707213,0.20929718017578125,1.5819358700898687,1.0,0.1323044657707213,0.0,1,4
0.05116370916366564,0.034630775451660156,0.6768620965474003,1.0,0.05116370916366564,0.0,0,3
0.04429439306259142,0.023916244506835938,0.5399384177821429,1.0,0.04429439306259142,0.0,0,2
0.30519953966140734,0.18258380889892578,0.5982440507658918,1.0,0.30519953966140734,0.0,3,2
0.13945785760879503,0.07650184631347656,0.5485660516030465,1.0,0.13945785760879503,0.0,2,2
0.5427090287208556,0.35126352310180664,0.6472409790744063,1.0,0.5427090287208556,0.0,4,3
0.8018499970436095,0.2762584686279297,0.34452636982787826,1.0,0.8018499970436095,0.0,4,1
0.2451337933540343,0.10601997375488281,0.43249840140059165,1.0,0.2451337933540343,0.0,3,2
0.14150944948196398,0.06994342803955078,0.49426683727199,1.0,0.14150944948196398,0.0,2,2
0.1554372668266295,0.13201236724853516,0.8492967609613089,1.0,0.1554372668266295,0.0,2,3
0.02021977901458727,0.07049703598022461,3.486538400314145,0.0,0.0,0.5,0,4
0.21698096990585314,0.10526371002197266,0.4851287652905506,1.0,0.21698096990585314,0.0,2,2
0.44518820047378527,0.447906494140625,1.0061059427539787,1.0,0.44518820047378527,0.0,4,4
0.21108213663101183,0.11844921112060547,0.5611522273325478,1.0,0.21108213663101183,0.0,2,2
0.08012727499008165,0.03699970245361328,0.4617616468074472,1.0,0.08012727499008165,0.0,1,2
0.21796480417251574,0.0704355239868164,0.323150906194322,1.0,0.21796480417251574,0.0,2,1
0.5098212122917174,0.3020601272583008,0.5924824624312872,1.0,0.5098212122917174,0.0,4,2
0.06779102087020861,0.06821155548095703,1.006203396930009,1.0,0.06779102087020861,0.0,1,4
0.4893470168113707,0.23598194122314453,0.48223843840067554,1.0,0.4893470168113707,0.0,4,2
4.7540664672718336e-05,0.007640838623046875,160.7221664999489,1.0,4.7540664672718336e-05,0.0,0,4
0.36753896474838244,0.13677310943603516,0.37213227046463,1.0,0.36753896474838244,0.0,3,1
0.3210600972175597,0.02327728271484375,0.0725013258158655,1.0,0.3210600972175597,0.0,3,0
0.2895986199378966,0.07726192474365234,0.26678968553172283,1.0,0.2895986199378966,0.0,3,1
0.33250085115432726,0.07797527313232422,0.23451149932886248,1.0,0.33250085115432726,0.0,3,1
0.3548672556877135,0.46602630615234375,1.3132412153643482,1.0,0.3548672556877135,0.0,3,4
0.17090717554092394,0.20873165130615234,1.2213159023049402,1.0,0.17090717554092394,0.0,2,4
0.43652585744857775,0.24159812927246094,0.5534566283989739,0.0,0.0,0.5,4,2
0.11599389314651476,0.04492950439453125,0.38734370556715153,1.0,0.11599389314651476,0.0,1,1
0.3363210320472716,0.07832717895507812,0.2328940847923803,1.0,0.3363210320472716,0.0,3,1
0.004644072055816517,0.018980026245117188,4.086936209645036,1.0,0.004644072055816517,0.0,0,4
0.02334020137786852,0.015466690063476562,0.662663094164315,1.0,0.02334020137786852,0.0,0,3
0.254537260532379,0.09777545928955078,0.384130241226954,1.0,0.254537260532379,0.0,3,1
0.683658993244171,0.9166421890258789,1.3407886067235528,1.0,0.683658993244171,0.0,4,4
0.15812615156173693,0.051575660705566406,0.32616781092929975,1.0,0.15812615156173693,0.0,2,1
0.6915580391883849,0.6375641822814941,0.9219243305012286,1.0,0.6915580391883849,0.0,4,3
0.1452354550361632,0.13589763641357422,0.9357056538276836,1.0,0.1452354550361632,0.0,2,3
0.09029535055160509,0.09117889404296875,1.0097850386090335,1.0,0.09029535055160509,0.0,1,4
0.025566494464874134,0.004607200622558594,0.180204627931625,1.0,0.025566494464874134,0.0,0,0
0.07823518514633165,0.05287456512451172,0.675841247459372,1.0,0.07823518514633165,0.0,1,3
0.062190806865692005,0.09270954132080078,1.4907274240872512,1.0,0.062190806865692005,0.0,1,4
0.23476973772048937,0.0823202133178711,0.3506423532997228,1.0,0.23476973772048937,0.0,3,1
0.4074969649314879,0.17903423309326172,0.43935108356785574,1.0,0.4074969649314879,0.0,3,2
0.1255520939826964,0.08398628234863281,0.668935735633432,0.0,0.0,0.31546487678572877,1,3
0.03271297216415392,0.0279388427734375,0.85406005401283,0.0,0.0,0.6309297535714575,0,3
0.07605103254318224,0.0026636123657226562,0.03502401317444626,1.0,0.07605103254318224,0.0,1,0
0.7672560572624205,0.7830934524536133,1.0206416033360504,1.0,0.7672560572624205,0.0,4,4
0.32635680437088,0.2006392478942871,0.6147849384696011,1.0,0.32635680437088,0.0,3,2
0.11206320524215685,0.03608989715576172,0.3220494816097329,1.0,0.11206320524215685,0.0,1,1
0.026085531711578236,0.0911397933959961,3.493882908108141,1.0,0.026085531711578236,0.0,0,4
0.18326214551925646,0.013719558715820312,0.07486302573260399,1.0,0.18326214551925646,0.0,2,0
0.06056455373764025,0.005438804626464844,0.08980177828148815,1.0,0.06056455373764025,0.0,1,0
0.18633595705032335,0.03828620910644531,0.20546871206455036,1.0,0.18633595705032335,0.0,2,0
0.6817114710807799,0.5893611907958984,0.8645317202327987,1.0,0.6817114710807799,0.0,4,3
0.941733157634735,1.298985481262207,1.3793562122467367,1.0,0.941733157634735,0.0,4,4
0.08958975076675402,0.05998420715332031,0.6695431859107251,0.0,0.0,0.38685280723454163,1,3
0.053918755054473744,0.0004177093505859375,0.007747014005867321,1.0,0.053918755054473744,0.0,0,0
1.0626923203468321,0.2877922058105469,0.2708142331513413,1.0,1.0626923203468321,0.0,4,1
0.02356932163238512,0.06617450714111328,2.80765429626057,1.0,0.02356932163238512,0.0,0,4
0.31599477529525744,0.4906015396118164,1.5525621876292444,1.0,0.31599477529525744,0.0,3,4
0.1894328951835631,0.29333019256591797,1.5484649183114525,1.0,0.1894328951835631,0.0,2,4
0.34772673845291124,0.15630340576171875,0.4495006810725462,1.0,0.34772673845291124,0.0,3,2
0.024041390419006214,0.0007381439208984375,0.03070304620629965,1.0,0.024041390419006214,0.0,0,0
0.2366431117057799,0.12762928009033203,0.539332326938865,1.0,0.2366431117057799,0.0,3,2
0.22679868936538683,0.0034189224243164062,0.015074700977695286,1.0,0.22679868936538683,0.0,2,0
0.5575472474098204,0.5900897979736328,1.058367341449526,1.0,0.5575472474098204,0.0,4,4
0.02851138114929186,0.037598609924316406,1.3187228541276839,1.0,0.02851138114929186,0.0,0,4
0.07190815210342394,0.04132843017578125,0.5747391494129825,1.0,0.07190815210342394,0.0,1,2
0.2085049510002135,0.19047260284423828,0.9135159713499718,1.0,0.2085049510002135,0.0,2,3
0.35110930204391466,0.17719268798828125,0.5046653191948729,1.0,0.35110930204391466,0.0,3,2
0.5237447381019591,0.23444461822509766,0.447631453205087,1.0,0.5237447381019591,0.0,4,2
0.20018998384475695,0.03209495544433594,0.16032248381230146,1.0,0.20018998384475695,0.0,2,0
0.6674745440483092,0.1362619400024414,0.20414552317755402,1.0,0.6674745440483092,0.0,4,0
0.16020897626876818,0.03335762023925781,0.2082131789126268,1.0,0.16020897626876818,0.0,2,0
0.19390503168106066,0.013050079345703125,0.06730139611419773,1.0,0.19390503168106066,0.0,2,0
0.001542842388152943,0.026922225952148438,17.449757771031386,1.0,0.001542842388152943,0.0,0,4
0.20483711957931505,0.09035491943359375,0.4411061804577241,1.0,0.20483711957931505,0.0,2,2
0.04006305932998644,0.013370513916015625,0.33373671755536777,1.0,0.04006305932998644,0.0,0,1
0.6047606825828551,0.8149452209472656,1.3475499390382646,1.0,0.6047606825828551,0.0,4,4
0.08830837011337267,0.026090621948242188,0.29544902612001944,1.0,0.08830837011337267,0.0,1,1
0.09777859449386583,0.0825948715209961,0.8447132212171213,1.0,0.09777859449386583,0.0,1,3
0.6173231959342955,0.43819713592529297,0.7098342307745265,1.0,0.6173231959342955,0.0,4,3
0.08203235864639269,0.1176137924194336,1.4337487591502476,1.0,0.08203235864639269,0.0,1,4
0.24723712205886827,0.08282947540283203,0.33502038331893363,1.0,0.24723712205886827,0.0,3,1
0.26733473539352404,0.4146900177001953,1.5512014070665388,1.0,0.26733473539352404,0.0,3,4
0.871528661251068,1.1242332458496094,1.2899555640956055,1.0,0.871528661251068,0.0,4,4
0.34828034639358507,0.2300424575805664,0.6605094429319297,1.0,0.34828034639358507,0.0,3,3
0.39586166143417345,0.3726825714111328,0.9414464893138054,1.0,0.39586166143417345,0.0,3,3
0.5676079154014586,0.11977577209472656,0.2110185021116405,1.0,0.5676079154014586,0.0,4,0
0.878471529483795,0.666285514831543,0.7584599983827179,1.0,0.878471529483795,0.0,4,3
0.6514336228370665,0.179229736328125,0.2751312337050694,1.0,0.6514336228370665,0.0,4,1
0.2105052828788756,0.1739978790283203,0.8265725052061444,1.0,0.2105052828788756,0.0,2,3
0.2845566630363463,0.1417980194091797,0.4983120686619378,1.0,0.2845566630363463,0.0,3,2
0.3660247683525084,0.040823936462402344,0.11153326220559459,1.0,0.3660247683525084,0.0,3,0
0.6835643410682677,0.44284534454345703,0.6478473465297834,1.0,0.6835643410682677,0.0,4,3
0.15450397729873644,0.038987159729003906,0.25233757998100903,1.0,0.15450397729873644,0.0,2,1
0.11364654302597033,0.13018417358398438,1.14551811359748,1.0,0.11364654302597033,0.0,1,4
0.1270326733589171,0.10375213623046875,0.8167358324997877,1.0,0.1270326733589171,0.0,1,3
0.05858246088027941,0.0020780563354492188,0.035472329161726185,1.0,0.05858246088027941,0.0,0,0
2.1795665383338925,2.22908878326416,1.0227211438876849,0.0,0.0,0.3562071871080222,4,4
0.22764364480972277,0.0869598388671875,0.3819998530592557,1.0,0.22764364480972277,0.0,2,1
0.28763297796249376,0.06373977661132812,0.22160107322478004,1.0,0.28763297796249376,0.0,3,1
0.5467801451683043,0.18947696685791016,0.3465322735879286,1.0,0.5467801451683043,0.0,4,1
0.1591596961021422,0.020994186401367188,0.13190642427398186,1.0,0.1591596961021422,0.0,2,0
0.03223333358764635,0.042654991149902344,1.3233192599803008,1.0,0.03223333358764635,0.0,0,4
0.1324328541755675,0.06252002716064453,0.4720884976001585,1.0,0.1324328541755675,0.0,1,2
1.4144555687904357,0.6192960739135742,0.4378335294357546,1.0,1.4144555687904357,0.0,4,2
0.02940479516983019,0.021346569061279297,0.7259553735365324,1.0,0.02940479516983019,0.0,0,3
0.2936210989952086,0.43976688385009766,1.4977359779491661,1.0,0.2936210989952086,0.0,3,4
0.14644423723220812,0.1419963836669922,0.9696276640905764,1.0,0.14644423723220812,0.0,2,4
0.04690638780593859,0.00319671630859375,0.06815098024216287,1.0,0.04690638780593859,0.0,0,0
0.01286051273345934,0.0040740966796875,0.31679115476382813,1.0,0.01286051273345934,0.0,0,1
0.22806481122970568,0.433319091796875,1.899982243908896,1.0,0.22806481122970568,0.0,2,4
0.06079522371292101,0.018003463745117188,0.29613286448505743,1.0,0.06079522371292101,0.0,1,1
0.15438548326492296,0.005999565124511719,0.038860940793355316,1.0,0.15438548326492296,0.0,2,0
0.22811964750289904,0.2466287612915039,1.0811377450001085,1.0,0.22811964750289904,0.0,2,4
0.4935243487358092,0.3184928894042969,0.6453438218805913,1.0,0.4935243487358092,0.0,4,2
0.0048493504524229625,0.016458511352539062,3.3939620396615426,1.0,0.0048493504524229625,0.0,0,4
0.07293597459793077,0.008347511291503906,0.1144498491659386,1.0,0.07293597459793077,0.0,1,0
0.14952865839004503,0.2101898193359375,1.4056825066112613,1.0,0.14952865839004503,0.0,2,4
0.04865232706069933,0.10413360595703125,2.1403622857980196,1.0,0.04865232706069933,0.0,0,4
0.03585145473480211,0.049875736236572266,1.3911774739828437,1.0,0.03585145473480211,0.0,0,4
0.14748612642288195,0.1280832290649414,0.8684425591170029,1.0,0.14748612642288195,0.0,2,3
0.7927325129508971,0.6103925704956055,0.7699855380265122,1.0,0.7927325129508971,0.0,4,3
0.38613716363906847,0.1575016975402832,0.40789054349480786,1.0,0.38613716363906847,0.0,3,1
0.01584450006484972,0.0008411407470703125,0.05308723807173593,1.0,0.01584450006484972,0.0,0,0
0.6004941821098326,0.266357421875,0.44356370104895076,1.0,0.6004941821098326,0.0,4,2
0.010600602626800404,0.005478858947753906,0.5168441022307803,1.0,0.010600602626800404,0.0,0,2
0.6216233134269713,0.08026599884033203,0.12912321193011647,1.0,0.6216233134269713,0.0,4,0
0.14599922895431505,0.06203460693359375,0.42489681197566553,1.0,0.14599922895431505,0.0,2,1
0.13994637727737413,0.0008306503295898438,0.005935490048045276,1.0,0.13994637727737413,0.0,2,0
0.24504843950271593,0.006049156188964844,0.024685552788014386,1.0,0.24504843950271593,0.0,3,0
0.010293042659759388,0.004142284393310547,0.40243536631833776,1.0,0.010293042659759388,0.0,0,1
0.09859136343002306,0.06432151794433594,0.6524051976417717,1.0,0.09859136343002306,0.0,1,3
0.14987770318984972,0.07025718688964844,0.46876343441595064,1.0,0.14987770318984972,0.0,2,2
0.5596579670906066,0.4551706314086914,0.8133014415481393,1.0,0.5596579670906066,0.0,4,3
0.35511974096298204,0.1833171844482422,0.5162123174316894,1.0,0.35511974096298204,0.0,3,2
0.15113095045089708,0.07438373565673828,0.4921806912139138,1.0,0.15113095045089708,0.0,2,2
0.10640684366226183,0.1386556625366211,1.3030709093929886,1.0,0.10640684366226183,0.0,1,4
0.043806946277618275,0.004917144775390625,0.112245778197575,1.0,0.043806946277618275,0.0,0,0
0.07046166658401476,0.04282569885253906,0.6077871973334035,1.0,0.07046166658401476,0.0,1,2
0.03245619535446154,0.05039787292480469,1.552796696421068,1.0,0.03245619535446154,0.0,0,4
0.34224466085433947,0.13540267944335938,0.39563123966742386,1.0,0.34224466085433947,0.0,3,1
0.017025029659271107,0.1459798812866211,8.574427428801961,1.0,0.017025029659271107,0.0,0,4
0.08944479227066027,0.05124092102050781,0.572877634568736,1.0,0.08944479227066027,0.0,1,2
0.057565724849700795,0.04665374755859375,0.8104431531158987,1.0,0.057565724849700795,0.0,0,3
0.42611256837844835,0.3712301254272461,0.8712020085207651,1.0,0.42611256837844835,0.0,4,3
0.3331491112709044,0.22463226318359375,0.6742694354688858,1.0,0.3331491112709044,0.0,3,3
0.4578376173973082,0.5605688095092773,1.2243834674310297,1.0,0.4578376173973082,0.0,4,4
0.4786141276359557,0.3623619079589844,0.7571065855260435,1.0,0.4786141276359557,0.0,4,3
0.2559655070304869,0.29583168029785156,1.1557482245551793,1.0,0.2559655070304869,0.0,3,4
0.2243818402290343,0.05739736557006836,0.25580218751874434,1.0,0.2243818402290343,0.0,2,1
0.06441966295242296,0.08831787109375,1.370976919872695,1.0,0.06441966295242296,0.0,1,4
0.06398073434829699,0.013092994689941406,0.20463964384444286,1.0,0.06398073434829699,0.0,1,0
0.11467889547348009,0.019988059997558594,0.17429588866402104,1.0,0.11467889547348009,0.0,1,0
0.32550076246261583,0.021289825439453125,0.06540637655771478,1.0,0.32550076246261583,0.0,3,0
0.3407104372978209,0.22383689880371094,0.6569710648695251,1.0,0.3407104372978209,0.0,3,3
0.4420130610466002,0.19958114624023438,0.451527712252813,1.0,0.4420130610466002,0.0,4,2
0.18093684911727892,0.05485820770263672,0.3031898033500017,1.0,0.18093684911727892,0.0,2,1
0.10951880216598497,0.011205673217773438,0.10231734639309052,1.0,0.10951880216598497,0.0,1,0
0.18198457956314074,0.08970260620117188,0.49291322603544535,1.0,0.18198457956314074,0.0,2,2
0.3215604186058043,0.14929771423339844,0.4642913293890816,1.0,0.3215604186058043,0.0,3,2
0.22198895215988146,0.09650039672851562,0.4347081050187302,1.0,0.22198895215988146,0.0,2,2
0.056651985645294056,0.02137279510498047,0.37726471299344216,1.0,0.056651985645294056,0.0,0,1
1.5817624688148497,0.32878780364990234,0.2078616796972365,1.0,1.5817624688148497,0.0,4,0
0.593512451648712,0.35004711151123047,0.5897889935397956,1.0,0.593512451648712,0.0,4,2
0.2855850815773009,0.13590240478515625,0.47587361368654263,1.0,0.2855850815773009,0.0,3,2
0.14043310880660997,0.1546630859375,1.1013292182435845,1.0,0.14043310880660997,0.0,2,4
0.3584404349327086,0.6301412582397461,1.7580082960172865,1.0,0.3584404349327086,0.0,3,4
0.069834268093109,0.008312225341796875,0.11902788657732201,1.0,0.069834268093109,0.0,1,0
0.5348656535148619,0.42748546600341797,0.7992389550426419,1.0,0.5348656535148619,0.0,4,3
0.6777716040611266,0.4261026382446289,0.6286817501522235,1.0,0.6777716040611266,0.0,4,2
0.15669301748275744,0.01687335968017578,0.1076841837067343,1.0,0.15669301748275744,0.0,2,0
0.1882417559623717,0.0326690673828125,0.17354846280409134,1.0,0.1882417559623717,0.0,2,0
0.06561402082443224,0.019524574279785156,0.2975671058481288,1.0,0.06561402082443224,0.0,1,1
0.8237798571586608,0.6158580780029297,0.7476003117229836,1.0,0.8237798571586608,0.0,4,3
0.5631710648536681,0.3088054656982422,0.5483333306168364,1.0,0.5631710648536681,0.0,4,2
0.07590881586074816,0.052062034606933594,0.6858496475882251,1.0,0.07590881586074816,0.0,1,3
0.07739595174789415,0.0060443878173828125,0.07809695056236934,1.0,0.07739595174789415,0.0,1,0
0.8988457083702086,1.201359748840332,1.3365583633020213,1.0,0.8988457083702086,0.0,4,4
0.6463272929191588,0.19641685485839844,0.30389689095639943,1.0,0.6463272929191588,0.0,4,1
0.0295745491981505,0.01595020294189453,0.5393219296438847,1.0,0.0295745491981505,0.0,0,2
0.030946350097656117,0.05328559875488281,1.7218702233617746,1.0,0.030946350097656117,0.0,0,4
0.0671332240104674,0.0018253326416015625,0.027189706267003608,1.0,0.0671332240104674,0.0,1,0
0.27726820707321154,0.13394451141357422,0.4830864412024229,1.0,0.27726820707321154,0.0,3,2
0.3515911459922789,0.10209274291992188,0.2903734752244412,1.0,0.3515911459922789,0.0,3,1
0.03782359361648546,0.04392433166503906,1.1612945113151434,1.0,0.03782359361648546,0.0,0,4
0.474666392803192,0.15892791748046875,0.3348202440495172,1.0,0.474666392803192,0.0,4,1
0.11334005594253527,0.06374454498291016,0.5624185064389715,1.0,0.11334005594253527,0.0,1,2
0.3989612221717833,0.1577596664428711,0.39542606568149996,1.0,0.3989612221717833,0.0,3,1
0.1071734786033629,0.09069156646728516,0.8462127724987311,1.0,0.1071734786033629,0.0,1,3
0.008912003040313587,0.022591590881347656,2.534962205371142,1.0,0.008912003040313587,0.0,0,4
0.01580003499984728,0.018485069274902344,1.1699385017236366,1.0,0.01580003499984728,0.0,0,4
0.11323515176773058,0.046454429626464844,0.41024742671562603,1.0,0.11323515176773058,0.0,1,1
0.06804612874984728,0.008535385131835938,0.12543527881231736,0.0,0.0,0.6309297535714575,1,0
0.19044271707534777,0.25311946868896484,1.3291107823714745,1.0,0.19044271707534777,0.0,2,4
0.01877251863479601,0.013348102569580078,0.7110448432230375,1.0,0.01877251863479601,0.0,0,3
0.1480118393898009,0.047814369201660156,0.3230442199676827,1.0,0.1480118393898009,0.0,2,1
0.008619642257690296,0.07796382904052734,9.044903107315081,1.0,0.008619642257690296,0.0,0,4
0.5983547329902648,0.3672943115234375,0.6138404048178782,1.0,0.5983547329902648,0.0,4,2
0.18795768022537218,0.003871917724609375,0.02059994420002801,1.0,0.18795768022537218,0.0,2,0
0.27672926187515245,0.2249155044555664,0.8127637205097521,1.0,0.27672926187515245,0.0,3,3
0.058516538143157826,0.023141860961914062,0.3954755646224088,1.0,0.058516538143157826,0.0,0,1
0.08491257429122911,0.043102264404296875,0.5076075571147658,1.0,0.08491257429122911,0.0,1,2
0.22646859884262072,0.07506561279296875,0.33146146166221446,1.0,0.22646859884262072,0.0,2,1
1.3792525887489318,1.1863479614257812,0.8601382887393185,1.0,1.3792525887489318,0.0,4,3
0.07201889753341661,0.0145263671875,0.20170215991934334,1.0,0.07201889753341661,0.0,1,0
0.14373127222061144,0.13497447967529297,0.9390752450039003,1.0,0.14373127222061144,0.0,2,3
0.34301034212112413,0.08745765686035156,0.25497090355797036,1.0,0.34301034212112413,0.0,3,1
0.04194024801254259,0.0343017578125,0.8178720784445949,1.0,0.04194024801254259,0.0,0,3
0.0016083478927610972,0.0013179779052734375,0.8194607094680411,1.0,0.0016083478927610972,0.0,0,3
0.13547602891921984,0.09747314453125,0.7194862833584399,1.0,0.13547602891921984,0.0,2,3
0.34930447340011583,0.3604583740234375,1.0319317428567405,1.0,0.34930447340011583,0.0,3,4
0.2752650141716002,0.43415355682373047,1.5772202585581006,1.0,0.2752650141716002,0.0,3,4
0.0709641337394713,0.15300273895263672,2.1560573051501133,0.0,0.0,0.6309297535714575,1,4
0.5085062146186827,0.13314247131347656,0.2618305686063583,1.0,0.5085062146186827,0.0,4,1
0.21942428350448595,0.036469459533691406,0.16620521189007695,1.0,0.21942428350448595,0.0,2,0
0.1865017771720885,0.47794151306152344,2.562664658259628,1.0,0.1865017771720885,0.0,2,4
0.3410500645637511,0.20484638214111328,0.600634344998994,1.0,0.3410500645637511,0.0,3,2
0.01088849306106554,0.017441749572753906,1.6018515578726986,1.0,0.01088849306106554,0.0,0,4
0.05494931936264025,0.0046863555908203125,0.08528505257531072,1.0,0.05494931936264025,0.0,0,0
0.1108808875083922,0.0011749267578125,0.010596296478268843,1.0,0.1108808875083922,0.0,1,0
0.3123518586158751,0.7338628768920898,2.349474980376479,1.0,0.3123518586158751,0.0,3,4
0.16966918706893908,0.141937255859375,0.8365529316864341,1.0,0.16966918706893908,0.0,2,3
0.5948641657829283,0.4653139114379883,0.7822187622035814,1.0,0.5948641657829283,0.0,4,3
0.09386793375015245,0.04397296905517578,0.46845570471614184,0.0,0.0,0.31546487678572877,1,2
0.3221911549568175,0.05290985107421875,0.1642188193568198,1.0,0.3221911549568175,0.0,3,0
0.355487024784088,0.6625432968139648,1.8637622490339092,1.0,0.355487024784088,0.0,3,4
0.013677811622619496,0.0012621879577636719,0.09227996353425029,1.0,0.013677811622619496,0.0,0,0
0.03229687213897692,0.01911640167236328,0.5918963790085723,1.0,0.03229687213897692,0.0,0,2
0.16168943643569933,0.10110950469970703,0.6253315425458624,1.0,0.16168943643569933,0.0,2,2
0.0967047572135924,0.09857845306396484,1.0193754258255776,1.0,0.0967047572135924,0.0,1,4
0.18678799867629992,0.05293083190917969,0.2833738371002509,1.0,0.18678799867629992,0.0,2,1
0.17905775308608995,0.06088066101074219,0.34000572419486974,1.0,0.17905775308608995,0.0,2,1
0.05043486356735216,0.0013952255249023438,0.027663909966547637,1.0,0.05043486356735216,0.0,0,0
0.19473234415054308,0.13084888458251953,0.6719422248692456,1.0,0.19473234415054308,0.0,2,3
0.15835038423538195,0.16857147216796875,1.064547288482695,1.0,0.15835038423538195,0.0,2,4
0.08176318407058702,0.08922576904296875,1.0912707235806667,1.0,0.08176318407058702,0.0,1,4
0.23937216997146593,0.3702096939086914,1.5465861965190932,1.0,0.23937216997146593,0.0,3,4
0.16180316209793077,0.05076789855957031,0.31376332762176323,1.0,0.16180316209793077,0.0,2,1
0.5334684014320372,0.25844764709472656,0.48446664582373067,1.0,0.5334684014320372,0.0,4,2
0.006705021858215199,0.018912315368652344,2.8206194951445824,1.0,0.006705021858215199,0.0,0,4
0.04135576486587511,0.00360107421875,0.08707550762098085,1.0,0.04135576486587511,0.0,0,0
1.2077180504798888,0.8211631774902344,0.6799295391535664,1.0,1.2077180504798888,0.0,4,3
0.2246269345283507,0.050904273986816406,0.22661696422871166,1.0,0.2246269345283507,0.0,2,1
0.9533585667610167,0.2487945556640625,0.26096640271385857,1.0,0.9533585667610167,0.0,4,1
0.35560003519058214,0.10197830200195312,0.28677809873471566,0.0,0.0,0.38685280723454163,3,1
0.10756603479385363,0.13050365447998047,1.213242216561073,1.0,0.10756603479385363,0.0,1,4
0.15540877580642687,0.12472724914550781,0.8025753275404783,1.0,0.15540877580642687,0.0,2,3
0.29602900743484484,0.061539649963378906,0.20788385062880574,1.0,0.29602900743484484,0.0,3,0
0.2968434453010558,0.09969425201416016,0.3358479144218637,1.0,0.2968434453010558,0.0,3,1
0.6351744294166564,0.44960689544677734,0.7078479148785884,1.0,0.6351744294166564,0.0,4,3
0.2511558890342711,0.014979362487792969,0.0596416932343919,1.0,0.2511558890342711,0.0,3,0
0.4293522000312804,0.05242633819580078,0.122105670337735,1.0,0.4293522000312804,0.0,4,0
0.036938285827636586,0.004412651062011719,0.1194600930482337,1.0,0.036938285827636586,0.0,0,0
0.051309859752654896,0.03411674499511719,0.6649159666306027,1.0,0.051309859752654896,0.0,0,3
0.387760555744171,0.5418338775634766,1.397341399316946,1.0,0.387760555744171,0.0,3,4
0.09750870466232286,0.001781463623046875,0.018269790673726676,1.0,0.09750870466232286,0.0,1,0
0.026909387111663685,0.004489898681640625,0.16685250626516535,1.0,0.026909387111663685,0.0,0,0
0.1421912074089049,0.05504608154296875,0.38712718279879677,0.0,0.0,0.3562071871080222,2,1
0.9029897809028624,0.8662376403808594,0.9592994945244495,1.0,0.9029897809028624,0.0,4,3
0.048479115962982045,0.12532329559326172,2.58509861625688,1.0,0.048479115962982045,0.0,0,4
0.05516961812973009,0.06877374649047852,1.2465873214630312,1.0,0.05516961812973009,0.0,0,4
0.4317121863365172,0.2721290588378906,0.6303483372734064,1.0,0.4317121863365172,0.0,4,2
0.06427863836288439,0.02817058563232422,0.4382573487833932,1.0,0.06427863836288439,0.0,1,2
0.7570248007774352,0.15649127960205078,0.20671882802431346,1.0,0.7570248007774352,0.0,4,0
0.2758903861045836,0.17460155487060547,0.6328656729793335,1.0,0.2758903861045836,0.0,3,2
0.09000173807144152,0.07453775405883789,0.8281812735624212,1.0,0.09000173807144152,0.0,1,3
0.2566974520683287,0.05852985382080078,0.2280110431529374,1.0,0.2566974520683287,0.0,3,1
0.03131887912750231,0.09683895111083984,3.092031190407509,1.0,0.03131887912750231,0.0,0,4
0.4135079741477965,0.4901456832885742,1.1853355048320926,1.0,0.4135079741477965,0.0,3,4
0.2103379130363463,0.0765533447265625,0.36395409473010276,1.0,0.2103379130363463,0.0,2,1
0.12985590696334826,0.080535888671875,0.6201942642055259,1.0,0.12985590696334826,0.0,1,2
0.10065523386001574,0.01815319061279297,0.1803501906124341,1.0,0.10065523386001574,0.0,1,0
0.004200434684753285,0.008764266967773438,2.0865142837682793,1.0,0.004200434684753285,0.0,0,4
0.16692582368850695,0.0055084228515625,0.032999225223782805,1.0,0.16692582368850695,0.0,2,0
0.014133727550506459,0.00027942657470703125,0.01977019676575119,1.0,0.014133727550506459,0.0,0,0
0.012989735603332386,0.036536216735839844,2.812699030337988,1.0,0.012989735603332386,0.0,0,4
0.37965587377548204,0.1807413101196289,0.4760661499116284,1.0,0.37965587377548204,0.0,3,2
0.343155539035797,0.11913585662841797,0.347177425616289,1.0,0.343155539035797,0.0,3,1
0.9277390599250792,0.8853263854980469,0.9542838323197717,1.0,0.9277390599250792,0.0,4,3
0.00975689888000475,0.013663291931152344,1.4003724030750324,1.0,0.00975689888000475,0.0,0,4
0.3061210274696349,0.1608114242553711,0.5253197586086192,1.0,0.3061210274696349,0.0,3,2
0.03464928865432726,0.11979866027832031,3.4574637728777433,0.0,0.0,0.38685280723454163,0,4
0.1586188435554503,0.11695098876953125,0.7373082929371332,1.0,0.1586188435554503,0.0,2,3
0.2007556319236754,0.19742202758789062,0.9833947157355358,1.0,0.2007556319236754,0.0,2,4
0.4930466771125792,0.17943286895751953,0.3639267381504915,1.0,0.4930466771125792,0.0,4,1
0.12421933412551867,0.008840560913085938,0.07116896073644144,1.0,0.12421933412551867,0.0,1,0
0.168483531475067,0.09402179718017578,0.558047402953977,1.0,0.168483531475067,0.0,2,2
0.12979761362075792,0.07339859008789062,0.5654848963737215,1.0,0.12979761362075792,0.0,1,2
0.37729314565658556,0.25933170318603516,0.6873480373854456,1.0,0.37729314565658556,0.0,3,3
0.047432219982147084,0.014317512512207031,0.3018520431385242,1.0,0.047432219982147084,0.0,0,1
0.349027907848358,0.141204833984375,0.40456602698293165,1.0,0.349027907848358,0.0,3,1
0.21253172159194933,0.12061500549316406,0.5675153082547323,1.0,0.21253172159194933,0.0,2,2
0.2982796788215636,0.1505417823791504,0.5047000954738431,1.0,0.2982796788215636,0.0,3,2
0.22491255998611437,0.19730758666992188,0.8772635315791312,1.0,0.22491255998611437,0.0,2,3
0.16778365373611437,0.044434547424316406,0.26483239835867367,1.0,0.16778365373611437,0.0,2,1
0.08278862237930285,0.01772785186767578,0.21413391548483773,1.0,0.08278862237930285,0.0,1,0
0.020665204524993763,0.0028982162475585938,0.14024619229165206,1.0,0.020665204524993763,0.0,0,0
0.47394398450851427,0.2865486145019531,0.604604391801929,1.0,0.47394398450851427,0.0,4,2
0.3230886816978453,0.08153724670410156,0.2523680070611565,1.0,0.3230886816978453,0.0,3,1
0.5663007855415343,0.29963207244873047,0.5291041088035972,1.0,0.5663007855415343,0.0,4,2
1.2206036210060118,0.694331169128418,0.5688424621878114,1.0,1.2206036210060118,0.0,4,2
0.8462304234504698,0.6966705322265625,0.8232633960215198,1.0,0.8462304234504698,0.0,4,3
0.6736038088798522,0.11941814422607422,0.17728246582313242,1.0,0.6736038088798522,0.0,4,0
0.3661107182502745,0.2835426330566406,0.7744723629282274,1.0,0.3661107182502745,0.0,3,3
0.07792690992355333,0.0034923553466796875,0.04481578122506981,1.0,0.07792690992355333,0.0,1,0
0.15754357576370226,0.16342830657958984,1.0373530357385947,1.0,0.15754357576370226,0.0,2,4
0.010268425941467152,0.008799552917480469,0.8569524645393887,1.0,0.010268425941467152,0.0,0,3
0.42883149385452257,0.2953643798828125,0.688765597013293,1.0,0.42883149385452257,0.0,4,3
0.17416874170303331,0.28612709045410156,1.6428153964731687,1.0,0.17416874170303331,0.0,2,4
0.3499292492866515,0.22731781005859375,0.6496107728119116,1.0,0.3499292492866515,0.0,3,3
0.8979634404182433,0.7183284759521484,0.7999529197063675,1.0,0.8979634404182433,0.0,4,3
0.22608844041824327,0.10298633575439453,0.4555134953555302,1.0,0.22608844041824327,0.0,2,2
0.15735951662063585,0.014886856079101562,0.09460410402118206,1.0,0.15735951662063585,0.0,2,0
0.11445204019546495,0.005640983581542969,0.04928687659834732,1.0,0.11445204019546495,0.0,1,0
0.5152799248695372,0.6396884918212891,1.241438800440849,1.0,0.5152799248695372,0.0,4,4
0.2598674654960631,0.4539337158203125,1.746789329529169,1.0,0.2598674654960631,0.0,3,4
0.06869069337844835,0.005919456481933594,0.08617552379797083,1.0,0.06869069337844835,0.0,1,0
0.41196886301040636,0.4300518035888672,1.0438939497667912,1.0,0.41196886301040636,0.0,3,4
0.032327032089233265,0.006985664367675781,0.2160935884368551,1.0,0.032327032089233265,0.0,0,1
0.11574903726577745,0.039144039154052734,0.3381802568618523,1.0,0.11574903726577745,0.0,1,1
0.22624174356460558,0.08642387390136719,0.38199791311583486,1.0,0.22624174356460558,0.0,2,1
0.18452290296554552,0.1279277801513672,0.6932894404726231,1.0,0.18452290296554552,0.0,2,3
0.19923177957534777,0.08315277099609375,0.41736700426673684,1.0,0.19923177957534777,0.0,2,1
0.07420865297317492,0.06637191772460938,0.8943959372042721,0.0,0.0,0.31546487678572877,1,3
0.09932211637496935,0.02486705780029297,0.25036778018717126,0.0,0.0,0.43067655807339306,1,1
0.43653599023818956,0.2960691452026367,0.6782239078182096,1.0,0.43653599023818956,0.0,4,3
0.016872978210449086,0.07072734832763672,4.1917524840894265,1.0,0.016872978210449086,0.0,0,4
0.5110873341560362,0.13775348663330078,0.2695302298202606,1.0,0.5110873341560362,0.0,4,1
0.5554117321968077,0.5610313415527344,1.0101179161875093,1.0,0.5554117321968077,0.0,4,4
0.20829776525497423,0.0700387954711914,0.3362436240516452,1.0,0.20829776525497423,0.0,2,1
0.4235806822776793,0.1969890594482422,0.46505675940883806,1.0,0.4235806822776793,0.0,4,2
0.11309555768966661,0.08413410186767578,0.743920482699587,1.0,0.11309555768966661,0.0,1,3
0.21513894796371447,0.07102489471435547,0.3301349913002949,0.0,0.0,0.43067655807339306,2,1
0.5560195803642272,0.26462841033935547,0.47593361760031455,1.0,0.5560195803642272,0.0,4,2
0.24079195261001574,0.2251119613647461,0.9348815810690119,0.0,0.0,1.0,3,3
0.9989737629890441,0.6930208206176758,0.6937327548464116,1.0,0.9989737629890441,0.0,4,3
0.238848841190338,0.10781288146972656,0.4513854073246718,1.0,0.238848841190338,0.0,3,2
0.004420316219329701,0.012128829956054688,2.7438828704191462,1.0,0.004420316219329701,0.0,0,4
0.0378983378410338,0.03671455383300781,0.9687642235659141,1.0,0.0378983378410338,0.0,0,4
1.1263617634773253,1.1593408584594727,1.0292793097666364,1.0,1.1263617634773253,0.0,4,4
0.02710149288177477,0.045624732971191406,1.6834767431528894,1.0,0.02710149288177477,0.0,0,4
0.19109383821487413,0.033066749572753906,0.17303932916754872,1.0,0.19109383821487413,0.0,2,0
0.19671419858932482,0.023334503173828125,0.11862134681260587,1.0,0.19671419858932482,0.0,2,0
0.1504621863365172,0.20076942443847656,1.3343513697816698,1.0,0.1504621863365172,0.0,2,4
0.025375878810882435,0.10955047607421875,4.317110626617513,1.0,0.025375878810882435,0.0,0,4
0.2655630469322203,0.024834632873535156,0.09351689988657835,0.0,0.0,0.3562071871080222,3,0
0.04302922487258898,0.03292703628540039,0.765224946135992,1.0,0.04302922487258898,0.0,0,3
0.06666210889816271,0.0016717910766601562,0.02507858068537992,1.0,0.06666210889816271,0.0,1,0
0.1801633000373839,0.13213825225830078,0.7334360118341643,1.0,0.1801633000373839,0.0,2,3
0.26202396154403673,0.2228374481201172,0.8504468324461475,1.0,0.26202396154403673,0.0,3,3
0.017502582073211537,0.043182373046875,2.4672001460268826,1.0,0.017502582073211537,0.0,0,4
0.09275714159011827,0.12258720397949219,1.321593161216514,1.0,0.09275714159011827,0.0,1,4
0.15948227643966661,0.021451950073242188,0.13450993146161686,1.0,0.15948227643966661,0.0,2,0
0.2631422638893126,0.1355133056640625,0.5149811499724135,1.0,0.2631422638893126,0.0,3,2
0.10621563196182238,0.06414318084716797,0.6038958641250026,1.0,0.10621563196182238,0.0,1,2
0.17323139905929552,0.03364086151123047,0.19419609663093185,1.0,0.17323139905929552,0.0,2,0
0.07853749990463244,0.00921630859375,0.11734914664894225,1.0,0.07853749990463244,0.0,1,0
0.011286234855651722,0.0050411224365234375,0.4466611319893838,1.0,0.011286234855651722,0.0,0,2
0.3495022416114806,0.20325946807861328,0.581568424687141,1.0,0.3495022416114806,0.0,3,2
0.04466096162796007,0.01653003692626953,0.37012272740497537,1.0,0.04466096162796007,0.0,0,1
0.41507462263107286,0.19366073608398438,0.4665684807623475,1.0,0.41507462263107286,0.0,3,2
0.07283822298049913,0.015383720397949219,0.21120394991058306,1.0,0.07283822298049913,0.0,1,0
0.018757438659667836,0.00162506103515625,0.08663555108141972,1.0,0.018757438659667836,0.0,0,0
0.43792704343795763,0.15024375915527344,0.34307942705657296,1.0,0.43792704343795763,0.0,4,1
0.09021476507186876,0.017855167388916016,0.19791846018433745,1.0,0.09021476507186876,0.0,1,0
0.16862193346023546,0.05355262756347656,0.31758992714969303,1.0,0.16862193346023546,0.0,2,1
0.08499125242233263,0.017965316772460938,0.21137842143081895,1.0,0.08499125242233263,0.0,1,0
0.4033512234687804,0.8193817138671875,2.0314348046860657,1.0,0.4033512234687804,0.0,3,4
0.06272832155227648,0.003954887390136719,0.06304787522237142,1.0,0.06272832155227648,0.0,1,0
0.20357433557510363,0.1228628158569336,0.6035280209061836,0.0,0.0,0.43067655807339306,2,2
0.15055588483810411,0.0791635513305664,0.525808416028989,1.0,0.15055588483810411,0.0,2,2
0.1354402661323546,0.05020570755004883,0.3706852399491517,1.0,0.1354402661323546,0.0,2,1
0.0856435656547545,0.2375659942626953,2.773891914079909,1.0,0.0856435656547545,0.0,1,4
0.14347938299179064,0.1587657928466797,1.106540811203263,1.0,0.14347938299179064,0.0,2,4
0.18369618654251085,0.09856700897216797,0.5365762394275815,1.0,0.18369618654251085,0.0,2,2
0.10273185968399035,0.031352996826171875,0.3051925364012261,1.0,0.10273185968399035,0.0,1,1
0.4379588723182677,0.28939342498779297,0.6607776284013464,1.0,0.4379588723182677,0.0,4,3
0.06304923295974718,0.07216644287109375,1.144604612670979,1.0,0.06304923295974718,0.0,1,4
0.5127560257911681,0.2209463119506836,0.4308994937890192,1.0,0.5127560257911681,0.0,4,2
0.467551028728485,0.24362659454345703,0.5210695294714778,1.0,0.467551028728485,0.0,4,2
0.13389316797256456,0.0922994613647461,0.6893515387107635,1.0,0.13389316797256456,0.0,2,3
0.4318131566047667,0.4561805725097656,1.0564304619539466,1.0,0.4318131566047667,0.0,4,4
0.04736462831497179,0.00209808349609375,0.04429642057236525,1.0,0.04736462831497179,0.0,0,0
0.08781865835189806,0.071319580078125,0.8121233165774451,1.0,0.08781865835189806,0.0,1,3
0.19862202405929552,0.08895492553710938,0.4478603314935169,1.0,0.19862202405929552,0.0,2,2
1.1103242993354796,0.6685523986816406,0.6021235409166169,1.0,1.1103242993354796,0.0,4,2
0.0961401820182799,0.02783679962158203,0.28954386227695306,1.0,0.0961401820182799,0.0,1,1
0.017523205280303822,0.015636444091796875,0.892327849938066,1.0,0.017523205280303822,0.0,0,3
0.026834523677825795,0.00072479248046875,0.027009701724933863,1.0,0.026834523677825795,0.0,0,0
0.4223682045936583,0.2765693664550781,0.654806312234495,1.0,0.4223682045936583,0.0,4,3
0.2616483330726622,0.0508575439453125,0.19437365928560638,0.0,0.0,0.6309297535714575,3,0
0.03585675954818712,0.06807231903076172,1.898451502269211,1.0,0.03585675954818712,0.0,0,4
0.3563841938972472,0.1787118911743164,0.5014585221078651,1.0,0.3563841938972472,0.0,3,2
0.022689974308013783,0.029994964599609375,1.321947931382874,1.0,0.022689974308013783,0.0,0,4
0.04122260808944689,0.021547317504882812,0.5227063134416037,0.0,0.0,0.31546487678572877,0,2
0.23179236650466906,0.08758735656738281,0.37786989230130025,1.0,0.23179236650466906,0.0,3,1
0.09183589220046984,0.024120330810546875,0.2626460116257625,1.0,0.09183589220046984,0.0,1,1
0.19167271852493273,0.04693412780761719,0.24486597867871326,1.0,0.19167271852493273,0.0,2,1
0.05391386747360216,0.036373138427734375,0.6746527402350379,1.0,0.05391386747360216,0.0,0,3
0.47719565629959093,0.2662830352783203,0.5580164692679928,1.0,0.47719565629959093,0.0,4,2
0.03454056978225695,0.011010169982910156,0.31876051994272375,1.0,0.03454056978225695,0.0,0,1
0.247163689136505,0.24229145050048828,0.9802874012237055,1.0,0.247163689136505,0.0,3,4
0.0328818321228026,0.02822399139404297,0.8583460705180854,1.0,0.0328818321228026,0.0,0,3
0.11505309343338,0.04538440704345703,0.39446490041344506,1.0,0.11505309343338,0.0,1,1
0.33744589090347277,0.22237014770507812,0.6589801615592576,1.0,0.33744589090347277,0.0,3,3
0.46506026983261095,0.25252628326416016,0.5429968966281551,1.0,0.46506026983261095,0.0,4,2
0.2070788502693175,0.24722576141357422,1.1938725808649384,1.0,0.2070788502693175,0.0,2,4
0.42838636636733995,0.533233642578125,1.2447493301429646,1.0,0.42838636636733995,0.0,4,4
0.713583743572235,1.0949573516845703,1.5344482852189996,1.0,0.713583743572235,0.0,4,4
0.5729884266853331,0.5057210922241211,0.8826026297767562,1.0,0.5729884266853331,0.0,4,3
0.05840221643447863,0.010191917419433594,0.1745125106830131,1.0,0.05840221643447863,0.0,0,0
0.18447164297103869,0.0028247833251953125,0.015312832258119977,1.0,0.18447164297103869,0.0,2,0
0.07029668092727648,0.06556320190429688,0.9326642600967676,1.0,0.07029668092727648,0.0,1,3
0.08567813634872423,0.034748077392578125,0.4055652804018482,1.0,0.08567813634872423,0.0,1,1
0.003506934642791615,0.02692890167236328,7.678757780021571,0.0,0.0,0.3333333333333333,0,4
0.4043536543846129,0.1783618927001953,0.44110369911617303,1.0,0.4043536543846129,0.0,3,2
0.11250737905502306,0.16204452514648438,1.4403013074123305,1.0,0.11250737905502306,0.0,1,4
0.23710480928421007,0.041889190673828125,0.17666951083905208,1.0,0.23710480928421007,0.0,3,0
0.023488080501556263,0.015906333923339844,0.6772087622181783,1.0,0.023488080501556263,0.0,0,3
0.33010665178298937,0.11356449127197266,0.3440236379926977,1.0,0.33010665178298937,0.0,3,1
0.6663521885871886,0.25881099700927734,0.3883997103063665,1.0,0.6663521885871886,0.0,4,1
0.06904891729354845,0.07124519348144531,1.031807539842512,1.0,0.06904891729354845,0.0,1,4
1.3869456410408019,1.064143180847168,0.7672565884042909,1.0,1.3869456410408019,0.0,4,3
0.19053331613540636,0.0638275146484375,0.3349939839554211,1.0,0.19053331613540636,0.0,2,1
0.026837861537933216,0.017408370971679688,0.6486497050845247,1.0,0.026837861537933216,0.0,0,3
0.2608611941337584,0.11277294158935547,0.43231014855943023,0.0,0.0,0.31546487678572877,3,2
0.7729095578193663,0.2645387649536133,0.34226354465063763,1.0,0.7729095578193663,0.0,4,1
0.40188184976577745,0.22013092041015625,0.547750341396238,1.0,0.40188184976577745,0.0,3,2
0.48938885927200304,0.5011053085327148,1.0239409807533026,1.0,0.48938885927200304,0.0,4,4
0.31971136331558214,0.146484375,0.45817694273008225,1.0,0.31971136331558214,0.0,3,2
0.182529842853546,0.07086467742919922,0.3882361170170839,1.0,0.182529842853546,0.0,2,1
0.02611187696456896,0.0037126541137695312,0.14218258299880962,1.0,0.02611187696456896,0.0,0,0
0.24343029260635363,0.0820474624633789,0.33704705188871564,1.0,0.24343029260635363,0.0,3,1
0.0011536240577696422,0.013258934020996094,11.49328841722514,1.0,0.0011536240577696422,0.0,0,4
0.0436586499214171,0.0052204132080078125,0.11957339994260557,1.0,0.0436586499214171,0.0,0,0
0.37978616952896105,0.30672645568847656,0.8076293459261601,1.0,0.37978616952896105,0.0,3,3
0.12144140005111681,0.00989532470703125,0.08148230095227933,1.0,0.12144140005111681,0.0,1,0
0.08246377706527697,0.029028892517089844,0.3520199237795166,1.0,0.08246377706527697,0.0,1,1
0.012771940231323109,0.025925159454345703,2.0298528637617954,1.0,0.012771940231323109,0.0,0,4
0.04682246446609484,0.044754981994628906,0.9558442193284584,1.0,0.04682246446609484,0.0,0,3
0.0639378190040587,0.005299568176269531,0.08288628324862192,1.0,0.0639378190040587,0.0,1,0
0.5111089110374449,0.4418191909790039,0.8644325728584984,1.0,0.5111089110374449,0.0,4,3
0.06992892026901232,0.01662445068359375,0.23773355315140712,1.0,0.06992892026901232,0.0,1,1
0.21300176382064806,0.1574697494506836,0.739288476424432,1.0,0.21300176382064806,0.0,2,3
0.8286031842231749,0.5246849060058594,0.6332161352937082,1.0,0.8286031842231749,0.0,4,2
0.09949949979782091,0.018352508544921875,0.18444824930993073,1.0,0.09949949979782091,0.0,1,0
0.18913904428482042,0.37991809844970703,2.008670921893824,1.0,0.18913904428482042,0.0,2,4
0.3639418244361876,0.3176870346069336,0.872906089040711,1.0,0.3639418244361876,0.0,3,3
0.17528740167617785,0.1612567901611328,0.9199565320674621,1.0,0.17528740167617785,0.0,2,3
0.08713809251785265,0.024151325225830078,0.2771615091400126,1.0,0.08713809251785265,0.0,1,1
0.44070461988449083,0.2618064880371094,0.594063407154046,1.0,0.44070461988449083,0.0,4,2
0.6634108185768126,0.5188093185424805,0.7820332500085849,1.0,0.6634108185768126,0.0,4,3
0.15421692132949816,0.011518478393554688,0.07469010724798762,1.0,0.15421692132949816,0.0,2,0
0.13702336549758898,0.010461807250976562,0.07635053491049047,1.0,0.13702336549758898,0.0,2,0
0.2052506566047667,0.05002403259277344,0.2437216690083499,1.0,0.2052506566047667,0.0,2,1
0.13129190206527697,0.027001380920410156,0.205659149541343,1.0,0.13129190206527697,0.0,1,0
0.002485370635986195,0.05013275146484375,20.17113694793094,1.0,0.002485370635986195,0.0,0,4
0.4854071497917174,0.3318462371826172,0.6836451365106768,1.0,0.4854071497917174,0.0,4,3
0.030244088172912464,0.0069179534912109375,0.2287373800677803,1.0,0.030244088172912464,0.0,0,1
0.07056561708450304,0.013167381286621094,0.18659769205806026,1.0,0.07056561708450304,0.0,1,0
0.14439288377761827,0.06016731262207031,0.41669167515717,1.0,0.14439288377761827,0.0,2,1
0.6668417811393736,0.3491497039794922,0.5235870244706787,1.0,0.6668417811393736,0.0,4,2
0.45088902711868273,0.14485931396484375,0.32127487087130635,1.0,0.45088902711868273,0.0,4,1
0.4170790076255797,0.3539562225341797,0.848655089473919,1.0,0.4170790076255797,0.0,3,3
4.003726398944854,2.1442012786865234,0.5355514001285423,1.0,4.003726398944854,0.0,4,2
0.13585797548294054,0.11802101135253906,0.8687087447976786,1.0,0.13585797548294054,0.0,2,3
0.08800808191299425,0.04190826416015625,0.47618654161315793,1.0,0.08800808191299425,0.0,1,2
0.12170485258102404,0.1276540756225586,1.0488823815597157,1.0,0.12170485258102404,0.0,1,4
0.023250675201415882,0.0024557113647460938,0.10561892691170319,1.0,0.023250675201415882,0.0,0,0
0.48781064748764025,0.15472984313964844,0.31719242689053617,1.0,0.48781064748764025,0.0,4,1
0.1317617058753966,0.0028429031372070312,0.021576095408900414,1.0,0.1317617058753966,0.0,1,0
0.12594941854476915,0.05982685089111328,0.4750069637665506,0.0,0.0,0.6309297535714575,1,2
0.14337567090988146,0.13720226287841797,0.9569424296863882,1.0,0.14337567090988146,0.0,2,3
0.3282399535179137,0.295684814453125,0.9008190845877267,1.0,0.3282399535179137,0.0,3,3
0.1312220454216002,0.06266498565673828,0.4775492216677726,1.0,0.1312220454216002,0.0,1,2
0.35388592481613146,0.18012714385986328,0.508997762353651,1.0,0.35388592481613146,0.0,3,2
1.1084744095802306,1.4086523056030273,1.2708027297955138,1.0,1.1084744095802306,0.0,4,4
0.07050672769546495,0.04785633087158203,0.6787484320401979,1.0,0.07050672769546495,0.0,1,3
0.17673770189285265,0.03464317321777344,0.1960146185377916,1.0,0.17673770189285265,0.0,2,0
0.2673806309700011,0.10453987121582031,0.39097772653378626,1.0,0.2673806309700011,0.0,3,1
0.03816202878952013,0.0023107528686523438,0.06055110123723064,1.0,0.03816202878952013,0.0,0,0
0.34623888731002794,0.29351139068603516,0.8477135337580388,1.0,0.34623888731002794,0.0,3,3
0.19029108285903917,0.02604198455810547,0.13685341513031613,1.0,0.19029108285903917,0.0,2,0
0.23741344213485704,0.1089181900024414,0.4587701059511745,1.0,0.23741344213485704,0.0,3,2
0.09664074182510363,0.06978893280029297,0.7221481487237966,1.0,0.09664074182510363,0.0,1,3
0.020022785663604603,0.02050495147705078,1.0240808557583778,1.0,0.020022785663604603,0.0,0,4
0.12192503213882433,0.29358386993408203,2.4079047984158515,1.0,0.12192503213882433,0.0,1,4
0.09982088804244982,0.06582832336425781,0.6594644132625195,0.0,0.0,0.43067655807339306,1,3
0.07133511304855333,0.032937049865722656,0.46172282426053596,1.0,0.07133511304855333,0.0,1,2
0.10226587057113634,0.050002098083496094,0.4889421837827561,1.0,0.10226587057113634,0.0,1,2
0.0508903622627257,0.07981491088867188,1.5683698708337113,1.0,0.0508903622627257,0.0,0,4
0.05461136102676378,0.005406379699707031,0.09899734410679653,1.0,0.05461136102676378,0.0,0,0
0.02422896623611437,0.009623527526855469,0.397191008195437,1.0,0.02422896623611437,0.0,0,1
0.0458784461021422,0.025951385498046875,0.5656552848426819,1.0,0.0458784461021422,0.0,0,2
0.10520628690719591,0.018080711364746094,0.17185960930923613,1.0,0.10520628690719591,0.0,1,0
0.10039726495742785,0.04760265350341797,0.47414293131992447,1.0,0.10039726495742785,0.0,1,2
0.2495394110679625,0.051326751708984375,0.20568595353062463,1.0,0.2495394110679625,0.0,3,0
2.204965269565582,1.099578857421875,0.49868307342478546,1.0,2.204965269565582,0.0,4,2
0.6241463780403136,0.5588607788085938,0.8954001793029662,1.0,0.6241463780403136,0.0,4,3
0.14720026254653917,0.01639842987060547,0.11140217814095885,1.0,0.14720026254653917,0.0,2,0
0.36445037126541124,0.39458274841308594,1.0826789585727457,1.0,0.36445037126541124,0.0,3,4
0.17767885923385607,0.24947834014892578,1.4040969264698464,1.0,0.17767885923385607,0.0,2,4
0.005522465705871449,0.02043437957763672,3.7002275190067766,1.0,0.005522465705871449,0.0,0,4
0.07673958539962755,0.05052757263183594,0.6584290541668886,1.0,0.07673958539962755,0.0,1,3
0.39855006933212267,0.21682167053222656,0.544026176925698,0.0,0.0,0.3562071871080222,3,2
1.016037619113922,0.2570323944091797,0.25297527333026854,1.0,1.016037619113922,0.0,4,1
0.08647958040237413,0.06983661651611328,0.8075503626541191,1.0,0.08647958040237413,0.0,1,3
0.06401888132095324,0.056041717529296875,0.8753935772219523,1.0,0.06401888132095324,0.0,1,3
0.10428622961044298,0.08369922637939453,0.8025913554651427,1.0,0.10428622961044298,0.0,1,3
0.09576276540756212,0.028801918029785156,0.300763223651755,0.0,0.0,0.3010299956639812,1,1
0.052560842037200795,0.006476402282714844,0.12321724751158028,1.0,0.052560842037200795,0.0,0,0
0.00026611089706407576,0.000919342041015625,3.4547327868135382,1.0,0.00026611089706407576,0.0,0,4
0.0721305966377257,0.008198261260986328,0.11365858100636421,1.0,0.0721305966377257,0.0,1,0
0.4940719962120055,0.4823894500732422,0.9763545672931636,1.0,0.4940719962120055,0.0,4,4
0.029479420185088978,0.008093833923339844,0.2745587895732697,1.0,0.029479420185088978,0.0,0,1
0.45735970735549913,0.07594680786132812,0.16605487243391068,1.0,0.45735970735549913,0.0,4,0
0.23841742277145372,0.031447410583496094,0.1319006397181027,1.0,0.23841742277145372,0.0,3,0
0.33985630273818956,0.12311840057373047,0.3622660506272132,1.0,0.33985630273818956,0.0,3,1
0.006207501888275013,0.006421089172363281,1.0344079289756964,1.0,0.006207501888275013,0.0,0,4
0.3120026946067809,0.20113086700439453,0.6446446472453744,1.0,0.3120026946067809,0.0,3,2
0.10474268198013292,0.05427265167236328,0.5181522054462712,1.0,0.10474268198013292,0.0,1,2
0.36673191785812365,0.30998897552490234,0.8452740555972735,1.0,0.36673191785812365,0.0,3,3
0.014776444435119496,0.0009641647338867188,0.0652501173824447,1.0,0.014776444435119496,0.0,0,0
0.031963920593261586,0.009326934814453125,0.2917957072018057,1.0,0.031963920593261586,0.0,0,1
0.1975418686866759,0.11208915710449219,0.5674197467589945,1.0,0.1975418686866759,0.0,2,2
0.2953094601631163,0.20854473114013672,0.7061904858210283,1.0,0.2953094601631163,0.0,3,3
0.8785139679908751,0.2285327911376953,0.26013563752474,1.0,0.8785139679908751,0.0,4,1
0.015675699710845814,0.002323150634765625,0.14820076153654993,1.0,0.015675699710845814,0.0,0,0
0.15160599946975695,0.11448955535888672,0.7551782631249077,0.0,0.0,0.3010299956639812,2,3
0.1790181756019591,0.031739234924316406,0.177296158993864,0.0,0.0,0.43067655807339306,2,0
0.3479276061058043,0.20047473907470703,0.5761967017177215,1.0,0.3479276061058043,0.0,3,2
0.04135218858718859,0.010248184204101562,0.24782688786819315,1.0,0.04135218858718859,0.0,0,1
0.26205877065658556,0.09513473510742188,0.3630282431267718,1.0,0.26205877065658556,0.0,3,1
0.12309924364089952,0.027006149291992188,0.2193851764903894,1.0,0.12309924364089952,0.0,1,1
0.06302443742752062,0.01483917236328125,0.23545108800608652,1.0,0.06302443742752062,0.0,1,1
0.1732529759407042,0.1839437484741211,1.061706140834636,1.0,0.1732529759407042,0.0,2,4
0.29427281618118273,0.06160926818847656,0.20936105817719824,1.0,0.29427281618118273,0.0,3,0
0.2515783667564391,0.11349678039550781,0.4511388711947065,1.0,0.2515783667564391,0.0,3,2
0.19834223985671984,0.1584615707397461,0.7989300254661685,1.0,0.19834223985671984,0.0,2,3
0.2602200865745543,0.11651229858398438,0.4477452148975557,1.0,0.2602200865745543,0.0,3,2
0.20296028852462755,0.07164764404296875,0.35301311682100267,1.0,0.20296028852462755,0.0,2,1
0.5745672345161437,0.4692344665527344,0.8166746002282702,1.0,0.5745672345161437,0.0,4,3
0.05719569921493517,0.040764808654785156,0.7127250687432891,1.0,0.05719569921493517,0.0,0,3
0.9550886511802672,0.7573823928833008,0.7929969557771966,1.0,0.9550886511802672,0.0,4,3
0.09158030748367296,0.016241073608398438,0.1773424227833469,1.0,0.09158030748367296,0.0,1,0
0.07249013185501085,0.010577201843261719,0.14591229968263017,1.0,0.07249013185501085,0.0,1,0
0.711014425754547,0.6884126663208008,0.9682119537732857,1.0,0.711014425754547,0.0,4,4
0.15595928430557238,0.046265602111816406,0.2966517980498539,1.0,0.15595928430557238,0.0,2,1
0.07202640771865831,0.059436798095703125,0.8252084197766554,1.0,0.07202640771865831,0.0,1,3
0.8979022860527037,0.46805381774902344,0.5212747812533693,1.0,0.8979022860527037,0.0,4,2
0.23688272237777697,0.3413677215576172,1.4410832420830133,1.0,0.23688272237777697,0.0,3,4
0.16923550367355333,0.11221599578857422,0.66307597018787,1.0,0.16923550367355333,0.0,2,3
0.0548656344413756,0.0005750656127929688,0.010481344445354611,1.0,0.0548656344413756,0.0,0,0
0.03360847234725939,0.011650562286376953,0.3466555148951006,1.0,0.03360847234725939,0.0,0,1
0.40465632677078234,0.4165315628051758,1.0293464731644246,1.0,0.40465632677078234,0.0,3,4
0.0371426701545714,0.10260868072509766,2.7625553116694523,1.0,0.0371426701545714,0.0,0,4
0.44548252820968615,0.2643241882324219,0.5933435578151472,1.0,0.44548252820968615,0.0,4,2
0.09491304159164415,0.02127838134765625,0.22418817257173995,1.0,0.09491304159164415,0.0,1,1
0.06275812387466417,0.0029325485229492188,0.0467277914299332,1.0,0.06275812387466417,0.0,1,0
0.3259026169776915,0.10117721557617188,0.31045229557974857,1.0,0.3259026169776915,0.0,3,1
0.033797180652618275,0.009417533874511719,0.27864850536821745,1.0,0.033797180652618275,0.0,0,1
0.006537353992462025,0.04594135284423828,7.027514939104034,1.0,0.006537353992462025,0.0,0,4
0.029100990295410023,0.03926277160644531,1.3491902236962041,1.0,0.029100990295410023,0.0,0,4
0.008341228961944447,0.004454612731933594,0.5340475309162557,1.0,0.008341228961944447,0.0,0,2
0.15288046598434435,0.041922569274902344,0.2742179584878777,1.0,0.15288046598434435,0.0,2,1
0.15609577894210802,0.08440303802490234,0.5407131352104357,1.0,0.15609577894210802,0.0,2,2
0.17955092191696154,0.074676513671875,0.4159071581175801,1.0,0.17955092191696154,0.0,2,1
0.2981177926063536,0.21619224548339844,0.7251906824926317,0.0,0.0,0.2890648263178879,3,3
0.23032335042953478,0.09761428833007812,0.42381412109556077,1.0,0.23032335042953478,0.0,2,1
1.7483677029609679,3.0359058380126953,1.7364229691907502,1.0,1.7483677029609679,0.0,4,4
0.12236193418502794,0.07225990295410156,0.5905423401107303,1.0,0.12236193418502794,0.0,1,2
0.025469756126403675,0.0054035186767578125,0.2121543154924895,1.0,0.025469756126403675,0.0,0,0
0.739285385608673,0.404876708984375,0.5476595599830902,1.0,0.739285385608673,0.0,4,2
0.07616678476333605,0.14057445526123047,1.8456136188237522,1.0,0.07616678476333605,0.0,1,4
0.08788601160049425,0.014467239379882812,0.164613675332622,1.0,0.08788601160049425,0.0,1,0
0.21171227693557726,0.1226491928100586,0.5793201725726089,1.0,0.21171227693557726,0.0,2,2
0.1262462496757506,0.004488468170166016,0.035553279259337565,1.0,0.1262462496757506,0.0,1,0
0.4265941739082335,0.31814098358154297,0.7457696401873027,1.0,0.4265941739082335,0.0,4,3
0.43902364969253527,0.22923755645751953,0.5221530927048308,1.0,0.43902364969253527,0.0,4,2
0.3246034741401671,0.18641376495361328,0.5742814843476318,1.0,0.3246034741401671,0.0,3,2
0.052808201313018666,0.028682708740234375,0.543148753925904,1.0,0.052808201313018666,0.0,0,2
0.2872093081474303,0.26425743103027344,0.9200865833172259,1.0,0.2872093081474303,0.0,3,3
0.020732676982879505,0.03359699249267578,1.6204850208402555,1.0,0.020732676982879505,0.0,0,4
0.08669344186782824,0.009618759155273438,0.11095140472030261,1.0,0.08669344186782824,0.0,1,0
0.021421051025390492,0.02627849578857422,1.2267603376429181,1.0,0.021421051025390492,0.0,0,4
0.09261897802352892,0.056197166442871094,0.6067564946418947,1.0,0.09261897802352892,0.0,1,2
0.031141734123229847,0.03611612319946289,1.1597338496484835,1.0,0.031141734123229847,0.0,0,4
1.0088013768196105,0.4867701530456543,0.4825232838006886,1.0,1.0088013768196105,0.0,4,2
0.08618334531784044,0.1082010269165039,1.2554749008345314,1.0,0.08618334531784044,0.0,1,4
0.12119868993759142,0.112701416015625,0.9298897213629792,1.0,0.12119868993759142,0.0,1,3
0.18740633726119982,0.026098251342773438,0.13926023913694385,1.0,0.18740633726119982,0.0,2,0
0.645304238796234,1.158102035522461,1.7946605118894186,1.0,0.645304238796234,0.0,4,4
0.046785271167754994,0.008296966552734375,0.17734142275214065,1.0,0.046785271167754994,0.0,0,0
0.10877934694290148,0.018662452697753906,0.17156246311673362,1.0,0.10877934694290148,0.0,1,0
0.034819519519805775,0.01279449462890625,0.3674517858188302,0.0,0.0,0.31546487678572877,0,1
0.09475473165512072,0.04108428955078125,0.43358562504631376,1.0,0.09475473165512072,0.0,1,2
0.16217426061630236,0.0025396347045898438,0.015659912337127994,1.0,0.16217426061630236,0.0,2,0
0.5052376151084899,0.3700284957885742,0.7323850891607068,1.0,0.5052376151084899,0.0,4,3
0.9151445984840392,0.4633183479309082,0.5062788423801081,1.0,0.9151445984840392,0.0,4,2
0.008321082592010365,0.011951446533203125,1.436285050779152,1.0,0.008321082592010365,0.0,0,4
0.12815717458724962,0.0150604248046875,0.11751526867841751,1.0,0.12815717458724962,0.0,1,0
0.5468798041343688,0.18639469146728516,0.34083301313772385,1.0,0.5468798041343688,0.0,4,1
0.12095025777816759,0.34417724609375,2.8456098599227335,1.0,0.12095025777816759,0.0,1,4
0.2535561680793761,0.08863544464111328,0.3495692702429776,1.0,0.2535561680793761,0.0,3,1
0.3029393315315245,0.1423168182373047,0.4697865328936163,1.0,0.3029393315315245,0.0,3,2
0.31191817522048937,0.11781978607177734,0.3777265816219034,1.0,0.31191817522048937,0.0,3,1
0.4019650578498839,0.29500484466552734,0.733906688913489,1.0,0.4019650578498839,0.0,3,3
0.08155480623245226,0.00766754150390625,0.0940170402962123,1.0,0.08155480623245226,0.0,1,0
0.1354933142662047,0.09068489074707031,0.6692942101106262,1.0,0.1354933142662047,0.0,2,3
0.4956887125968932,0.19737720489501953,0.39818781400320435,1.0,0.4956887125968932,0.0,4,1
0.14744380712509142,0.04058551788330078,0.27526091922509843,1.0,0.14744380712509142,0.0,2,1
0.5052018523216246,0.7599716186523438,1.5042930170583106,1.0,0.5052018523216246,0.0,4,4
0.15943495035171495,0.24844932556152344,1.5583115559884577,1.0,0.15943495035171495,0.0,2,4
0.10817626714706408,0.1321582794189453,1.2216938419522096,1.0,0.10817626714706408,0.0,1,4
0.4401847481727599,0.4005107879638672,0.9098697527036493,1.0,0.4401847481727599,0.0,4,3
0.5173925518989562,0.3342771530151367,0.646080334531795,1.0,0.5173925518989562,0.0,4,3
0.1344240069389342,0.10080862045288086,0.7499301854517396,1.0,0.1344240069389342,0.0,2,3
0.1926764607429503,0.1312251091003418,0.6810645607374387,1.0,0.1926764607429503,0.0,2,3
0.18766525983810411,0.05761528015136719,0.30701089909273027,1.0,0.18766525983810411,0.0,2,1
0.4439548611640929,0.30196571350097656,0.6801721073831539,1.0,0.4439548611640929,0.0,4,3
0.1331662297248839,0.0043087005615234375,0.0323558049996988,1.0,0.1331662297248839,0.0,2,0
0.013926780223846302,0.007909774780273438,0.5679543048097957,1.0,0.013926780223846302,0.0,0,2
0.12918595075607286,0.09497833251953125,0.735206359233815,1.0,0.12918595075607286,0.0,1,3
0.040469920635223255,0.038565635681152344,0.9529456711507978,1.0,0.040469920635223255,0.0,0,3
0.14023677110671984,0.026378631591796875,0.18810067704512964,1.0,0.14023677110671984,0.0,2,0
0.020379281044006214,0.009638786315917969,0.4729698901106646,1.0,0.020379281044006214,0.0,0,2
0.436877405643463,0.20232105255126953,0.46310715532032887,1.0,0.436877405643463,0.0,4,2
0.22520188093185411,0.23926925659179688,1.0624656224083648,1.0,0.22520188093185411,0.0,2,4
0.03633651733398424,0.017910003662109375,0.49289268692128596,1.0,0.03633651733398424,0.0,0,2
0.1512112975120543,0.0404362678527832,0.2674156529181273,1.0,0.1512112975120543,0.0,2,1
0.21108058691024767,0.1709136962890625,0.8097082673061531,1.0,0.21108058691024767,0.0,2,3
0.2311954855918883,0.05237531661987305,0.22654126003276373,1.0,0.2311954855918883,0.0,3,1
0.25575522184371935,0.061725616455078125,0.24134645623304576,0.0,0.0,0.3562071871080222,3,1
0.1608134865760802,0.010156631469726562,0.06315783387310307,1.0,0.1608134865760802,0.0,2,0
0.3137805819511412,0.09655380249023438,0.3077112098200798,1.0,0.3137805819511412,0.0,3,1
0.4939349055290221,0.21521568298339844,0.43571669176304656,1.0,0.4939349055290221,0.0,4,2
0.913050091266632,0.7218189239501953,0.7905578575090546,1.0,0.913050091266632,0.0,4,3
0.5186320900917052,0.6416034698486328,1.237107155739599,1.0,0.5186320900917052,0.0,4,4
0.4104745745658873,0.2886972427368164,0.7033255178889921,1.0,0.4104745745658873,0.0,3,3
0.5129429459571837,0.29429054260253906,0.5737295832256245,1.0,0.5129429459571837,0.0,4,2
0.025467669963836537,0.05547046661376953,2.178073875330418,1.0,0.025467669963836537,0.0,0,4
0.20821229219436632,0.0903787612915039,0.4340702479137748,1.0,0.20821229219436632,0.0,2,2
0.2851689219474791,0.1228780746459961,0.43089574350120496,1.0,0.2851689219474791,0.0,3,2
0.10944310426712023,0.0021190643310546875,0.019362246212266055,1.0,0.10944310426712023,0.0,1,0
0.0006072878837584117,0.0013637542724609375,2.2456470957742005,1.0,0.0006072878837584117,0.0,0,4
0.2829910874366759,0.19692420959472656,0.6958671786396514,1.0,0.2829910874366759,0.0,3,3
0.04880312681198107,0.03316783905029297,0.6796252866763105,1.0,0.04880312681198107,0.0,0,3
0.8683940529823302,0.805628776550293,0.9277225860581586,1.0,0.8683940529823302,0.0,4,3
0.0885115027427672,0.0006532669067382812,0.007380587680640905,1.0,0.0885115027427672,0.0,1,0
0.2173658967018126,0.08672523498535156,0.39898271210558467,1.0,0.2173658967018126,0.0,2,1
0.16154865026473986,0.08193683624267578,0.5071960434729772,1.0,0.16154865026473986,0.0,2,2
0.23080805540084826,0.08213996887207031,0.3558799918374445,1.0,0.23080805540084826,0.0,2,1
0.11223784685134874,0.10435295104980469,0.9297483333586481,1.0,0.11223784685134874,0.0,1,3
0.8853816151618956,0.6251020431518555,0.7060255515217052,1.0,0.8853816151618956,0.0,4,3
0.31956306695938097,0.3485116958618164,1.0905881558149992,1.0,0.31956306695938097,0.0,3,4
0.43774727582931505,0.14441871643066406,0.32991345555963053,1.0,0.43774727582931505,0.0,4,1
0.15549389123916613,0.07868194580078125,0.5060130991240039,1.0,0.15549389123916613,0.0,2,2
0.44657651185989367,0.20256423950195312,0.45359358166491404,1.0,0.44657651185989367,0.0,4,2
1.1698359608650206,0.8432168960571289,0.7207992609781141,1.0,1.1698359608650206,0.0,4,3
0.7392378211021422,0.5370988845825195,0.7265576371373285,1.0,0.7392378211021422,0.0,4,3
0.007577753067016468,0.04126262664794922,5.445232416922137,1.0,0.007577753067016468,0.0,0,4
0.30887762308120714,0.11443901062011719,0.3704995184776787,1.0,0.30887762308120714,0.0,3,1
0.34094420671463,0.07758140563964844,0.22754868424728508,1.0,0.34094420671463,0.0,3,1
0.49283150434494005,0.1273345947265625,0.2583734879039696,1.0,0.49283150434494005,0.0,4,1
0.019423937797546253,0.0005960464477539062,0.0306861798038296,1.0,0.019423937797546253,0.0,0,0
0.6049617886543273,0.10332298278808594,0.17079257686327073,1.0,0.6049617886543273,0.0,4,0
0.3722207903861998,0.22898578643798828,0.6151880613664883,1.0,0.3722207903861998,0.0,3,2
0.4351812958717345,0.3318195343017578,0.762485744331159,1.0,0.4351812958717345,0.0,4,3
0.12504605054855333,0.0863037109375,0.6901754238450712,1.0,0.12504605054855333,0.0,1,3
0.07444850206375109,0.0033740997314453125,0.045321257485557376,1.0,0.07444850206375109,0.0,1,0
0.22852066755294786,0.1094503402709961,0.4789516039972036,1.0,0.22852066755294786,0.0,2,2
0.24350742101669298,0.3123359680175781,1.2826548230584183,1.0,0.24350742101669298,0.0,3,4
0.08869723081588732,0.021027565002441406,0.23707126827994476,1.0,0.08869723081588732,0.0,1,1
0.711414611339569,0.397430419921875,0.5586480985729648,1.0,0.711414611339569,0.0,4,2
0.27933124303817736,0.025754928588867188,0.09220210495876094,1.0,0.27933124303817736,0.0,3,0
0.10222903490066515,0.020692825317382812,0.20241632269628493,1.0,0.10222903490066515,0.0,1,0
0.6714170336723326,0.7349858283996582,1.0946785552633873,1.0,0.6714170336723326,0.0,4,4
0.059961235523223744,0.007344245910644531,0.12248323181732991,1.0,0.059961235523223744,0.0,1,0
0.7808504462242125,0.38781166076660156,0.4966529284088361,1.0,0.7808504462242125,0.0,4,2
0.31584266424179064,0.2581186294555664,0.8172380070159423,1.0,0.31584266424179064,0.0,3,3
0.08932617902755724,0.04481697082519531,0.5017226899559784,1.0,0.08932617902755724,0.0,1,2
0.3930687069892882,0.2257061004638672,0.5742153889396697,1.0,0.3930687069892882,0.0,3,2
0.15173486471176134,0.07804584503173828,0.5143567049009848,1.0,0.15173486471176134,0.0,2,2
0.019711649417877064,0.01222991943359375,0.6204412007501555,1.0,0.019711649417877064,0.0,0,2
0.2050595641136168,0.08220577239990234,0.4008872873364483,1.0,0.2050595641136168,0.0,2,1
0.09844127893447863,0.015926361083984375,0.16178539385479515,1.0,0.09844127893447863,0.0,1,0
0.5777902960777281,0.30733489990234375,0.53191426368469,1.0,0.5777902960777281,0.0,4,2
0.23762027025222765,0.2786073684692383,1.1724899065786933,1.0,0.23762027025222765,0.0,3,4
0.29995993375778185,0.17705345153808594,0.5902570030604717,1.0,0.29995993375778185,0.0,3,2
0.18627718687057482,0.10553264617919922,0.5665355374543163,1.0,0.18627718687057482,0.0,2,2
0.21582392454147326,0.5079097747802734,2.3533525111238176,1.0,0.21582392454147326,0.0,2,4
0.15512470006942736,0.039368629455566406,0.2537869819438597,1.0,0.15512470006942736,0.0,2,1
0.02139959335327135,0.0005273818969726562,0.024644482176201517,1.0,0.02139959335327135,0.0,0,0
0.11480728387832628,0.2527484893798828,2.2015022117215817,1.0,0.11480728387832628,0.0,1,4
0.0729865193367003,0.008193016052246094,0.1122538261408274,1.0,0.0729865193367003,0.0,1,0
0.19249180555343615,0.13142871856689453,0.6827756547299341,1.0,0.19249180555343615,0.0,2,3
0.33907834291458117,0.34185218811035156,1.0081805436818156,1.0,0.33907834291458117,0.0,3,4
1.0935620427131651,0.27614784240722656,0.2525214223073199,1.0,1.0935620427131651,0.0,4,1
0.08666673898696886,0.008212089538574219,0.09475480022167422,1.0,0.08666673898696886,0.0,1,0
0.02126655578613268,0.01952838897705078,0.9182675922438128,1.0,0.02126655578613268,0.0,0,3
0.7581080555915831,0.6465520858764648,0.8528495128203505,1.0,0.7581080555915831,0.0,4,3
0.10079220533370958,0.024179458618164062,0.23989413207210905,1.0,0.10079220533370958,0.0,1,1
0.15740791559219347,0.06017017364501953,0.3822563396424495,1.0,0.15740791559219347,0.0,2,1
0.023796594142913685,0.02103424072265625,0.8839181185480685,0.0,0.0,1.0,0,3
0.03273788690567003,0.00392913818359375,0.12001807553783331,1.0,0.03273788690567003,0.0,0,0
0.012681996822357045,0.0071659088134765625,0.5650457821313919,1.0,0.012681996822357045,0.0,0,2
0.8271509766578673,0.5529718399047852,0.6685258864579806,1.0,0.8271509766578673,0.0,4,3
0.5220017790794371,0.2805299758911133,0.5374119153115431,1.0,0.5220017790794371,0.0,4,2
0.025502121448516712,0.0693349838256836,2.718792786147458,1.0,0.025502121448516712,0.0,0,4
0.38863412141799913,0.27657318115234375,0.711654396539394,1.0,0.38863412141799913,0.0,3,3
1.1609031319618224,0.7816390991210938,0.6733026017426568,1.0,1.1609031319618224,0.0,4,3
0.40202358961105333,0.24071788787841797,0.5987655801772872,1.0,0.40202358961105333,0.0,3,2
0.037460958957671986,0.0013003349304199219,0.034711736341005064,1.0,0.037460958957671986,0.0,0,0
0.07255986928939806,0.0029010772705078125,0.039981842565580496,1.0,0.07255986928939806,0.0,1,0
0.19271687269210802,0.07769489288330078,0.40315563343241445,1.0,0.19271687269210802,0.0,2,1
0.40636888742446886,0.4011344909667969,0.9871191013395559,1.0,0.40636888742446886,0.0,3,4
0.34782842397689806,0.18788576126098633,0.5401679342728622,1.0,0.34782842397689806,0.0,3,2
0.13033596277236925,0.057616233825683594,0.4420593717967918,1.0,0.13033596277236925,0.0,1,2
0.17952982187271105,0.13093090057373047,0.7292988942336397,1.0,0.17952982187271105,0.0,2,3
0.21905640363693224,0.01107025146484375,0.05053607783679207,1.0,0.21905640363693224,0.0,2,0
0.0679264426231383,0.017218589782714844,0.2534887610447238,1.0,0.0679264426231383,0.0,1,1
0.12580159902572619,0.024041175842285156,0.1911038971560988,1.0,0.12580159902572619,0.0,1,0
0.20514479875564562,0.02799510955810547,0.1364651198953931,1.0,0.20514479875564562,0.0,2,0
0.06742933988571154,0.032428741455078125,0.4809292440062855,1.0,0.06742933988571154,0.0,1,2
1.4385260701179503,0.11954116821289062,0.08309975793701742,1.0,1.4385260701179503,0.0,4,0
0.23644069433212267,0.3474597930908203,1.4695431092024782,1.0,0.23644069433212267,0.0,3,4
0.0650272727012633,0.04255104064941406,0.6543568395509138,1.0,0.0650272727012633,0.0,1,3
0.0634180665016173,0.012516975402832031,0.19737239076049126,1.0,0.0634180665016173,0.0,1,0
0.051439559459686146,0.08412837982177734,1.6354801772303251,1.0,0.051439559459686146,0.0,0,4
0.27096096277236925,0.09037971496582031,0.3335525311140377,1.0,0.27096096277236925,0.0,3,1
0.39416769742965685,0.22789382934570312,0.5781646513191839,1.0,0.39416769742965685,0.0,3,2
0.03437361717224108,0.018854141235351562,0.5485061738156991,1.0,0.03437361717224108,0.0,0,2
0.04719344377517687,0.07411670684814453,1.5704873583972048,1.0,0.04719344377517687,0.0,0,4
0.24809960126876818,0.12552833557128906,0.5059594410041122,1.0,0.24809960126876818,0.0,3,2
0.34432665109634386,0.1399221420288086,0.4063645424578473,1.0,0.34432665109634386,0.0,3,1
1.9191331028938292,0.7572870254516602,0.39459849049019036,1.0,1.9191331028938292,0.0,4,1
0.013454711437225209,0.0003561973571777344,0.02647380130295783,1.0,0.013454711437225209,0.0,0,0
0.17200795412063585,0.15348339080810547,0.8923040308965108,1.0,0.17200795412063585,0.0,2,3
0.06817165613174425,0.07428646087646484,1.0896971716941055,1.0,0.06817165613174425,0.0,1,4
0.4745842576026915,0.13428878784179688,0.28296089828209103,1.0,0.4745842576026915,0.0,4,1
0.430879509449005,0.09405899047851562,0.2182953433984254,1.0,0.430879509449005,0.0,4,1
0.5025338292121886,0.16993999481201172,0.3381662784342757,1.0,0.5025338292121886,0.0,4,1
0.2591721177101134,0.0838155746459961,0.32339734453898566,1.0,0.2591721177101134,0.0,3,1
0.484795844554901,0.0841827392578125,0.17364575254373735,1.0,0.484795844554901,0.0,4,0
0.164141809940338,0.055457115173339844,0.33786099466977554,1.0,0.164141809940338,0.0,2,1
0.43240741491317736,0.3413991928100586,0.7895313101386289,1.0,0.43240741491317736,0.0,4,3
0.22397426366806017,0.2890186309814453,1.290410006257611,1.0,0.22397426366806017,0.0,2,4
0.28843156099319445,0.29581642150878906,1.0256035105526087,1.0,0.28843156099319445,0.0,3,4
0.12124565839767443,0.021017074584960938,0.17334290450241854,1.0,0.12124565839767443,0.0,1,0
0.14045003652572619,0.026266098022460938,0.1870138212292297,1.0,0.14045003652572619,0.0,2,0
0.28157285451889025,0.2390604019165039,0.8490179293915768,1.0,0.28157285451889025,0.0,3,3
0.46470085382461535,0.22678661346435547,0.4880271073268738,1.0,0.46470085382461535,0.0,4,2
0.2144441962242125,0.13498210906982422,0.6294509781402218,1.0,0.2144441962242125,0.0,2,2
0.10451785326004015,0.11387062072753906,1.0894848791452811,1.0,0.10451785326004015,0.0,1,4
0.09941462278366076,0.038712501525878906,0.3894045004840222,1.0,0.09941462278366076,0.0,1,1
0.1919142365455626,0.17296409606933594,0.9012572448124363,1.0,0.1919142365455626,0.0,2,3
0.9507636189460753,0.4273490905761719,0.4494798518372945,1.0,0.9507636189460753,0.0,4,2
0.4104167580604552,0.22944068908691406,0.5590431788682396,1.0,0.4104167580604552,0.0,3,2
0.19187763929367052,0.011636734008789062,0.06064663945014944,0.0,0.0,0.38685280723454163,2,0
0.44646171331405626,0.34415149688720703,0.7708421273855554,1.0,0.44646171331405626,0.0,4,3
0.9109136223793028,0.4503936767578125,0.4944416964381167,1.0,0.9109136223793028,0.0,4,2
0.6219412446022032,0.8337774276733398,1.3406048158240866,1.0,0.6219412446022032,0.0,4,4
0.060071146488189564,0.03973197937011719,0.6614153664926105,1.0,0.060071146488189564,0.0,1,3
0.2774315237998961,0.05720043182373047,0.2061785590918918,1.0,0.2774315237998961,0.0,3,0
0.046847975254058705,0.0018529891967773438,0.03955323974469545,1.0,0.046847975254058705,0.0,0,0
0.761144196987152,0.7981777191162109,1.0486550672995332,1.0,0.761144196987152,0.0,4,4
2.106954967975616,2.84200382232666,1.348867852195857,1.0,2.106954967975616,0.0,4,4
0.7031419634819029,0.39612674713134766,0.5633666708921191,1.0,0.7031419634819029,0.0,4,2
0.6190606713294982,0.110992431640625,0.17929168622884253,1.0,0.6190606713294982,0.0,4,0
0.1676189064979552,0.08247184753417969,0.4920199591875143,1.0,0.1676189064979552,0.0,2,2
1.084476625919342,0.8817501068115234,0.8130651096920034,1.0,1.084476625919342,0.0,4,3
0.020376420021056996,0.040096282958984375,1.9677785851267726,1.0,0.020376420021056996,0.0,0,4
0.5740231633186339,0.42568111419677734,0.7415748028977821,1.0,0.5740231633186339,0.0,4,3
0.22856906652450548,0.029257774353027344,0.12800408558299178,1.0,0.22856906652450548,0.0,2,0
0.04945806264877306,0.005135536193847656,0.10383617794165775,1.0,0.04945806264877306,0.0,0,0
0.2617096066474913,0.052123069763183594,0.19916376181555517,1.0,0.2617096066474913,0.0,3,0
0.03481910228729235,0.010158538818359375,0.29175188764320487,1.0,0.03481910228729235,0.0,0,1
0.05997935533523546,0.027299880981445312,0.45515462493488534,1.0,0.05997935533523546,0.0,1,2
0.055583870410919056,0.054993629455566406,0.9893810749235501,1.0,0.055583870410919056,0.0,0,4
0.02141783237457262,0.006622314453125,0.30919629667972615,1.0,0.02141783237457262,0.0,0,1
0.16808692216873156,0.09827899932861328,0.584691527815337,1.0,0.16808692216873156,0.0,2,2
0.027161693572997914,0.005600452423095703,0.2061893676859401,1.0,0.027161693572997914,0.0,0,0
0.0887481331825255,0.06716442108154297,0.7567981282874763,1.0,0.0887481331825255,0.0,1,3
0.08176890611648546,0.03577613830566406,0.4375274172641918,1.0,0.08176890611648546,0.0,1,2
0.12667742967605577,0.08624458312988281,0.6808204377877785,1.0,0.12667742967605577,0.0,1,3
0.21505800485610949,0.0947122573852539,0.44040331095149776,1.0,0.21505800485610949,0.0,2,2
0.22005788087844835,0.06094646453857422,0.27695651841816443,1.0,0.22005788087844835,0.0,2,1
0.005710995197296009,0.017740249633789062,3.1063324378540114,1.0,0.005710995197296009,0.0,0,4
0.42100695371627794,0.19500732421875,0.46319264443828634,1.0,0.42100695371627794,0.0,4,2
0.31090143918991076,0.12118053436279297,0.38977154521555996,1.0,0.31090143918991076,0.0,3,1
0.293150222301483,0.11971664428710938,0.4083798516242972,1.0,0.293150222301483,0.0,3,1
0.030969536304473744,0.035775184631347656,1.1551734026505172,1.0,0.030969536304473744,0.0,0,4
0.3475956082344054,0.21761608123779297,0.6260610781107478,1.0,0.3475956082344054,0.0,3,2
0.08712497949600206,0.01158905029296875,0.13301639047732047,1.0,0.08712497949600206,0.0,1,0
0.5286938309669493,0.2622256278991699,0.4959876823597033,1.0,0.5286938309669493,0.0,4,2
0.5191227555274962,0.24935531616210938,0.4803397915175804,1.0,0.5191227555274962,0.0,4,2
0.18270663022994982,0.06882762908935547,0.37671117355035666,1.0,0.18270663022994982,0.0,2,1
0.28716269731521593,0.1961517333984375,0.6830682927564352,1.0,0.28716269731521593,0.0,3,3
0.10674587488174425,0.10822772979736328,1.0138820813194014,1.0,0.10674587488174425,0.0,1,4
0.11338762044906603,0.022327423095703125,0.19691235257673173,1.0,0.11338762044906603,0.0,1,0
0.3089831233024596,0.1023569107055664,0.3312702312396867,1.0,0.3089831233024596,0.0,3,1
0.6105491280555724,0.2542915344238281,0.4164964336836829,1.0,0.6105491280555724,0.0,4,1
0.22780767679214464,0.035152435302734375,0.15430750972807653,1.0,0.22780767679214464,0.0,2,0
0.3110376954078673,0.24726581573486328,0.7949705755459022,1.0,0.3110376954078673,0.0,3,3
0.12282685041427599,0.012670516967773438,0.1031575500392442,1.0,0.12282685041427599,0.0,1,0
0.04496756792068468,0.04128837585449219,0.9181812084504553,1.0,0.04496756792068468,0.0,0,3
0.1263448357582091,0.17581653594970703,1.3915609205126025,1.0,0.1263448357582091,0.0,1,4
0.9806797862052916,0.3989601135253906,0.40681996217047944,1.0,0.9806797862052916,0.0,4,1
0.08124486207962023,0.015080451965332031,0.1856173003352894,1.0,0.08124486207962023,0.0,1,0
0.540517485141754,0.4585142135620117,0.8482874766609327,1.0,0.540517485141754,0.0,4,3
0.24552861452102648,0.046187400817871094,0.18811412636353111,1.0,0.24552861452102648,0.0,3,0
0.38185826539993273,0.09778690338134766,0.2560816728136871,1.0,0.38185826539993273,0.0,3,1
0.03505179882049547,0.0017213821411132812,0.049109666237920874,1.0,0.03505179882049547,0.0,0,0
0.15615788698196398,0.050780296325683594,0.3251856009779938,1.0,0.15615788698196398,0.0,2,1
0.19398502111434923,0.06896114349365234,0.3554972600332966,1.0,0.19398502111434923,0.0,2,1
0.1284069180488585,0.10652542114257812,0.829592538791761,1.0,0.1284069180488585,0.0,1,3
0.028679943084716664,0.10575675964355469,3.687481503403391,1.0,0.028679943084716664,0.0,0,4
0.3359223961830138,0.2254953384399414,0.671272118209973,1.0,0.3359223961830138,0.0,3,3
0.009426569938659535,0.009312629699707031,0.9879128633539098,1.0,0.009426569938659535,0.0,0,4
0.17181125879287706,0.034760475158691406,0.2023177957190574,1.0,0.17181125879287706,0.0,2,0
0.026207840442657337,0.010921478271484375,0.4167256090932227,1.0,0.026207840442657337,0.0,0,1
0.07247093915939318,0.0649271011352539,0.8959053365163753,1.0,0.07247093915939318,0.0,1,3
0.09137073755264269,0.01369476318359375,0.14988128092655043,0.0,0.0,0.2890648263178879,1,0
0.02985635995864855,0.01671123504638672,0.559721113676684,1.0,0.02985635995864855,0.0,0,2
0.21823683977127062,0.15668201446533203,0.7179448466608438,1.0,0.21823683977127062,0.0,2,3
0.07157436609268175,0.021968841552734375,0.3069372842825725,1.0,0.07157436609268175,0.0,1,1
0.3042402625083922,0.20846939086914062,0.6852130258840747,1.0,0.3042402625083922,0.0,3,3
0.2175027489662169,0.0649251937866211,0.2985028653440396,1.0,0.2175027489662169,0.0,2,1
0.19000653028488146,0.012481689453125,0.06569084459576677,1.0,0.19000653028488146,0.0,2,0
0.15053621530532824,0.03710365295410156,0.246476589562487,1.0,0.15053621530532824,0.0,2,1
0.19005433320999132,0.34040355682373047,1.7910854810535577,1.0,0.19005433320999132,0.0,2,4
0.6694376826286315,0.5432920455932617,0.8115647799507745,1.0,0.6694376826286315,0.0,4,3
0.41968504190444933,0.3158597946166992,0.7526115135850178,1.0,0.41968504190444933,0.0,4,3
0.297448432445526,0.08006095886230469,0.2691591218150624,1.0,0.297448432445526,0.0,3,1
0.07840231657028185,0.021100521087646484,0.2691313472699679,1.0,0.07840231657028185,0.0,1,1
0.38860014677047716,0.14338302612304688,0.3689731651278419,1.0,0.38860014677047716,0.0,3,1
0.16158286333084093,0.06208610534667969,0.3842369423764844,1.0,0.16158286333084093,0.0,2,1
0.30781069993972765,0.10423088073730469,0.3386200699251654,1.0,0.30781069993972765,0.0,3,1
0.5756696820259093,0.1779003143310547,0.3090319325224563,1.0,0.5756696820259093,0.0,4,1
0.176301872730255,0.07431888580322266,0.42154337133407466,1.0,0.176301872730255,0.0,2,1
0.5201298356056212,0.3137388229370117,0.6031932826381803,1.0,0.5201298356056212,0.0,4,2
0.14881602525711046,0.027834415435791016,0.18703910004115018,1.0,0.14881602525711046,0.0,2,0
0.2007927060127257,0.113616943359375,0.5658419850777561,1.0,0.2007927060127257,0.0,2,2
0.7041805148124693,0.16550159454345703,0.2350272281923788,1.0,0.7041805148124693,0.0,4,1
1.127013599872589,1.08123779296875,0.9593830927071209,1.0,1.127013599872589,0.0,4,4
0.11737934350967394,0.054558753967285156,0.4648071145736868,1.0,0.11737934350967394,0.0,1,2
0.05694679021835314,0.03476142883300781,0.6104194582297054,1.0,0.05694679021835314,0.0,0,2
0.04584888219833361,0.00025653839111328125,0.0055953030654824825,1.0,0.04584888219833361,0.0,0,0
0.5876043200492858,0.5401420593261719,0.9192275156875414,1.0,0.5876043200492858,0.0,4,3
